"Index","SAM_scale_1","SAM_scale_2","SAM_scale_3","NASA.TLX_Mental_1","NASA.TLX_Physical_1","NASA.TLX_Temporal_1","NASA.TLX_Performance_1","NASA.TLX_Effort_1","NASA.TLX_Frustration_1","DemModQues_age","DemModQues_education","DemModQues_gender","DemModQues_AI","DemModQues_Chatbot","attitude.trust.in.ai_1","attitude.trust.in.ai_2","attitude.trust.in.ai_3","attitude.trust.in.ai_4","attitude.trust.in.ai_5","attitude.trust.in.ai_6","attitude.trust.in.ai_7","attitude.trust.in.ai_8","attitude.trust.in.ai_9","attitude.trust.in.ai_10","attitude.trust.in.ai_11","DemModQues_personal","DemModQues_interest","DemModQues_cog_1","DemModQues_cog_2","DemModQues_cog_3","DemModQues_cog_4","DemModQues_cog_5","DemModQues_cog_6"
"1","For each of the following rows of figures (Valence, Arousal, Dominance), please select a figure that best corresponds to how you are feeling now. - Valence","For each of the following rows of figures (Valence, Arousal, Dominance), please select a figure that best corresponds to how you are feeling now. - Arousal","For each of the following rows of figures (Valence, Arousal, Dominance), please select a figure that best corresponds to how you are feeling now. - Dominance","Mental Demand - How mentally demanding was the task?","Physical Demand - How physically demanding was the task?","Temporal Demand - How hurried or rushed was the pace of the task?","Performance - How successful were you in accomplishing what you were asked to do?","Effort - How hard did you have to work to accomplish your level of performance?","Frustration - How insecure, discouraged, irritated, stressed, and annoyed were you?","What is your age? (in years)","What is the highest level of education you have completed?","What is your gender identity? - Selected Choice","What is your level of familiarity with using AI technology?","What is your level of familiarity with interacting with chatbots?","Rate how much you agree with the following statements on a Likert scale of 1 (strongly disagree) to 7 (strongly agree). - There are many beneficial applications of AI","Rate how much you agree with the following statements on a Likert scale of 1 (strongly disagree) to 7 (strongly agree). - AI can help people feel happier","Rate how much you agree with the following statements on a Likert scale of 1 (strongly disagree) to 7 (strongly agree). - I want to use/interact with AI in daily life","Rate how much you agree with the following statements on a Likert scale of 1 (strongly disagree) to 7 (strongly agree). - AI can provide new economic opportunities","Rate how much you agree with the following statements on a Likert scale of 1 (strongly disagree) to 7 (strongly agree). - Society will benefit from AI","Rate how much you agree with the following statements on a Likert scale of 1 (strongly disagree) to 7 (strongly agree). - I love everything about AI","Rate how much you agree with the following statements on a Likert scale of 1 (strongly disagree) to 7 (strongly agree). - Some complex decisions should be left to AI","Rate how much you agree with the following statements on a Likert scale of 1 (strongly disagree) to 7 (strongly agree). - I would trust my life savings to an AI system","Rate how much you agree with the following statements on a Likert scale of 1 (strongly disagree) to 7 (strongly agree). - I would recommend this agent for my friend","Rate how much you agree with the following statements on a Likert scale of 1 (strongly disagree) to 7 (strongly agree). - The agent is trustworthy","Rate how much you agree with the following statements on a Likert scale of 1 (strongly disagree) to 7 (strongly agree). - The agent is empathetic","Do you have any personal experience related to the scenario in the video?","What is your level of interest in crime investigations and the scenario in the video?","For each statement listed below, select the number that indicates the extent to which you feel it is characteristic of
you. 

For example, if the statement is not at all like you, select number 1 under “Extremely Uncharacteristic,” or if you really can’t
decide if the statement is or is not characteristic of you, select number 3 under “Uncertain.” - I would prefer complex to simple problems.","For each statement listed below, select the number that indicates the extent to which you feel it is characteristic of
you. 

For example, if the statement is not at all like you, select number 1 under “Extremely Uncharacteristic,” or if you really can’t
decide if the statement is or is not characteristic of you, select number 3 under “Uncertain.” - I like to have the responsibility of handling a situation that requires a lot of thinking.","For each statement listed below, select the number that indicates the extent to which you feel it is characteristic of
you. 

For example, if the statement is not at all like you, select number 1 under “Extremely Uncharacteristic,” or if you really can’t
decide if the statement is or is not characteristic of you, select number 3 under “Uncertain.” - Thinking is not my idea of fun.","For each statement listed below, select the number that indicates the extent to which you feel it is characteristic of
you. 

For example, if the statement is not at all like you, select number 1 under “Extremely Uncharacteristic,” or if you really can’t
decide if the statement is or is not characteristic of you, select number 3 under “Uncertain.” - I would rather do something that requires little thought than something that is sure to challenge my thinking abilities.","For each statement listed below, select the number that indicates the extent to which you feel it is characteristic of
you. 

For example, if the statement is not at all like you, select number 1 under “Extremely Uncharacteristic,” or if you really can’t
decide if the statement is or is not characteristic of you, select number 3 under “Uncertain.” - I really enjoy a task that involves coming up with new solutions to problems.","For each statement listed below, select the number that indicates the extent to which you feel it is characteristic of
you. 

For example, if the statement is not at all like you, select number 1 under “Extremely Uncharacteristic,” or if you really can’t
decide if the statement is or is not characteristic of you, select number 3 under “Uncertain.” - I would prefer a task that is intellectual, difficult, and important to one that is somewhat important but does not require much thought."
"2","{""ImportId"":""QID94_4""}","{""ImportId"":""QID94_7""}","{""ImportId"":""QID94_8""}","{""ImportId"":""QID12_1""}","{""ImportId"":""QID16_1""}","{""ImportId"":""QID17_1""}","{""ImportId"":""QID18_1""}","{""ImportId"":""QID19_1""}","{""ImportId"":""QID20_1""}","{""ImportId"":""QID5_TEXT""}","{""ImportId"":""QID7""}","{""ImportId"":""QID8""}","{""ImportId"":""QID9""}","{""ImportId"":""QID10""}","{""ImportId"":""QID11_1""}","{""ImportId"":""QID11_2""}","{""ImportId"":""QID11_3""}","{""ImportId"":""QID11_4""}","{""ImportId"":""QID11_5""}","{""ImportId"":""QID11_6""}","{""ImportId"":""QID11_7""}","{""ImportId"":""QID11_8""}","{""ImportId"":""QID11_9""}","{""ImportId"":""QID11_10""}","{""ImportId"":""QID11_11""}","{""ImportId"":""QID13""}","{""ImportId"":""QID14""}","{""ImportId"":""QID73_1""}","{""ImportId"":""QID73_2""}","{""ImportId"":""QID73_3""}","{""ImportId"":""QID73_4""}","{""ImportId"":""QID73_5""}","{""ImportId"":""QID73_6""}"
"3","","","","","","","","","","","","","","","","","","","","","","","","","","","","","","","","",""
"4","","","","9","9","9","9","9","9","","","","","","","","","","","","","","","","","","","","","","","",""
"5","","","","11","0","6","11","12","6","22","Bachelor’s degree","Female","7-Very Familiar","7-Very Familiar","7 (strongly agree)","2","7 (strongly agree)","7 (strongly agree)","6","5","4","2","2","3","2","No","5","Somewhat Characteristic","Somewhat Characteristic","Extremely Uncharacteristic","Somewhat Uncharacteristic","Extremely Characteristic","Somewhat Characteristic"
"6","","","","9","0","13","8","7","11","24","Bachelor’s degree","Female","7-Very Familiar","7-Very Familiar","7 (strongly agree)","6","7 (strongly agree)","7 (strongly agree)","5","3","5","2","4","2","2","No","5","Somewhat Uncharacteristic","Somewhat Characteristic","Extremely Uncharacteristic","Somewhat Uncharacteristic","Extremely Characteristic","Extremely Characteristic"
"7","","","","4","0","4","16","2","6","24","Bachelor’s degree","Female","6","6","7 (strongly agree)","1 (strongly disagree)","4","2","4","1 (strongly disagree)","1 (strongly disagree)","1 (strongly disagree)","7 (strongly agree)","4","1 (strongly disagree)","No","3","Somewhat Characteristic","Somewhat Characteristic","Somewhat Uncharacteristic","Extremely Uncharacteristic","Somewhat Characteristic","Extremely Characteristic"
"8","","","","","","","","","","","","","","","","","","","","","","","","","","","","","","","","",""
"9","","","","","","","","","","","","","","","","","","","","","","","","","","","","","","","","",""
"10","","","","","","","","","","","","","","","","","","","","","","","","","","","","","","","","",""
"11","","","","12","3","10","14","14","10","","","","","","","","","","","","","","","","","","","","","","","",""
"12","","","","","","","","","","","","","","","","","","","","","","","","","","","","","","","","",""
"13","","","","","","","","","","","","","","","","","","","","","","","","","","","","","","","","",""
"14","","","","4","0","3","16","6","4","30","Graduate or professional degree (MA, MS, MBA, PhD, JD, MD, DDS etc.)","Male","5","5","7 (strongly agree)","6","6","7 (strongly agree)","6","5","4","1 (strongly disagree)","4","4","4","No","5","Extremely Characteristic","Extremely Characteristic","Extremely Uncharacteristic","Extremely Uncharacteristic","Extremely Characteristic","Extremely Characteristic"
"15","","","","14","2","2","11","10","6","22","Bachelor’s degree","Female","4","5","6","3","3","5","5","2","1 (strongly disagree)","1 (strongly disagree)","4","3","3","No","5","Somewhat Characteristic","Somewhat Uncharacteristic","Somewhat Uncharacteristic","Somewhat Uncharacteristic","Uncertain","Uncertain"
"16","","","","6","2","10","9","13","4","33","Bachelor’s degree","Male","6","7-Very Familiar","7 (strongly agree)","6","6","7 (strongly agree)","5","5","5","4","5","5","4","No","4","Somewhat Characteristic","Somewhat Characteristic","Somewhat Uncharacteristic","Extremely Uncharacteristic","Somewhat Characteristic","Somewhat Characteristic"
"17","","","","14","0","5","4","6","4","39","Graduate or professional degree (MA, MS, MBA, PhD, JD, MD, DDS etc.)","Female","5","5","3","1 (strongly disagree)","1 (strongly disagree)","2","2","1 (strongly disagree)","2","1 (strongly disagree)","3","3","4","No","1-Not interested at all","Somewhat Uncharacteristic","Somewhat Uncharacteristic","Uncertain","Somewhat Characteristic","Uncertain","Extremely Uncharacteristic"
"18","","","","8","1","16","12","11","13","39","Bachelor’s degree","Male","5","5","6","5","4","5","4","2","2","1 (strongly disagree)","2","2","2","No","4","Somewhat Characteristic","Somewhat Characteristic","Somewhat Uncharacteristic","Somewhat Characteristic","Somewhat Characteristic","Somewhat Characteristic"
"19","","","","14","0","2","16","13","0","25","Bachelor’s degree","Female","3","4","5","4","2","5","4","1 (strongly disagree)","1 (strongly disagree)","3","1 (strongly disagree)","1 (strongly disagree)","1 (strongly disagree)","No","4","Uncertain","Uncertain","Uncertain","Somewhat Uncharacteristic","Somewhat Characteristic","Somewhat Uncharacteristic"
"20","","","","6","1","1","3","4","5","31","Bachelor’s degree","Female","7-Very Familiar","7-Very Familiar","6","5","6","3","4","2","2","1 (strongly disagree)","2","2","2","No","7-Very interested","Uncertain","Somewhat Characteristic","Somewhat Uncharacteristic","Uncertain","Somewhat Characteristic","Somewhat Characteristic"
"21","","","","4","0","2","16","5","2","52","Bachelor’s degree","Female","4","4","6","4","4","5","5","4","3","3","4","4","4","No","7-Very interested","Uncertain","Somewhat Characteristic","Uncertain","Uncertain","Somewhat Characteristic","Uncertain"
"22","","","","9","6","7","6","7","7","37","Some college, but no degree","Female","7-Very Familiar","7-Very Familiar","7 (strongly agree)","6","6","6","6","6","6","4","4","4","4","No","5","Extremely Characteristic","Somewhat Characteristic","Extremely Uncharacteristic","Extremely Uncharacteristic","Extremely Characteristic","Extremely Characteristic"
"23","","","","0","0","0","20","5","0","36","Bachelor’s degree","Male","3","6","4","2","4","4","5","2","1 (strongly disagree)","1 (strongly disagree)","2","3","3","No","1-Not interested at all","Uncertain","Somewhat Uncharacteristic","Extremely Uncharacteristic","Somewhat Uncharacteristic","Somewhat Characteristic","Uncertain"
"24","","","","4","0","3","3","2","0","40","Bachelor’s degree","Male","4","3","6","5","2","7 (strongly agree)","6","2","2","1 (strongly disagree)","2","4","1 (strongly disagree)","No","5","Somewhat Characteristic","Uncertain","Somewhat Uncharacteristic","Somewhat Uncharacteristic","Uncertain","Uncertain"
"25","","","","6","5","4","5","7","12","26","Some college, but no degree","Male","5","4","6","3","2","3","1 (strongly disagree)","1 (strongly disagree)","1 (strongly disagree)","1 (strongly disagree)","1 (strongly disagree)","1 (strongly disagree)","1 (strongly disagree)","No","2","Somewhat Characteristic","Somewhat Uncharacteristic","Somewhat Uncharacteristic","Uncertain","Somewhat Uncharacteristic","Somewhat Characteristic"
"26","","","","6","1","2","10","8","1","22","High school diploma or GED","Male","4","4","5","7 (strongly agree)","3","4","4","3","3","1 (strongly disagree)","3","4","2","No","6","Extremely Uncharacteristic","Extremely Uncharacteristic","Somewhat Characteristic","Somewhat Characteristic","Uncertain","Somewhat Uncharacteristic"
"27","","","","0","0","0","11","0","11","35","Bachelor’s degree","Female","6","6","6","4","5","4","4","2","2","1 (strongly disagree)","1 (strongly disagree)","1 (strongly disagree)","1 (strongly disagree)","No","2","Somewhat Characteristic","Somewhat Characteristic","Somewhat Uncharacteristic","Uncertain","Extremely Characteristic","Uncertain"
"28","","","","16","0","8","4","12","12","40","Bachelor’s degree","Male","7-Very Familiar","7-Very Familiar","7 (strongly agree)","7 (strongly agree)","7 (strongly agree)","7 (strongly agree)","7 (strongly agree)","6","5","3","5","6","5","Yes","3","Extremely Uncharacteristic","Extremely Uncharacteristic","Somewhat Characteristic","Extremely Characteristic","Somewhat Uncharacteristic","Extremely Uncharacteristic"
"29","","","","4","6","0","14","12","4","25","High school diploma or GED","Non-binary","5","6","5","5","5","4","4","2","2","4","4","4","4","No","7-Very interested","Somewhat Characteristic","Somewhat Characteristic","Somewhat Uncharacteristic","Somewhat Uncharacteristic","Extremely Characteristic","Somewhat Characteristic"
"30","","","","2","0","0","8","12","0","20","High school diploma or GED","Female","7-Very Familiar","7-Very Familiar","7 (strongly agree)","4","4","3","5","4","2","2","4","4","4","No","5","Somewhat Characteristic","Somewhat Characteristic","Extremely Uncharacteristic","Uncertain","Somewhat Characteristic","Uncertain"
"31","","","","10","4","5","11","10","14","24","Bachelor’s degree","Female","4","5","4","4","2","4","4","2","4","1 (strongly disagree)","1 (strongly disagree)","1 (strongly disagree)","1 (strongly disagree)","No","4","Somewhat Uncharacteristic","Extremely Uncharacteristic","Uncertain","Somewhat Characteristic","Somewhat Characteristic","Somewhat Characteristic"
"32","","","","14","0","10","1","15","6","47","High school diploma or GED","Male","4","4","1 (strongly disagree)","1 (strongly disagree)","1 (strongly disagree)","1 (strongly disagree)","1 (strongly disagree)","1 (strongly disagree)","1 (strongly disagree)","1 (strongly disagree)","1 (strongly disagree)","1 (strongly disagree)","1 (strongly disagree)","No","2","Somewhat Characteristic","Somewhat Characteristic","Somewhat Uncharacteristic","Somewhat Uncharacteristic","Somewhat Characteristic","Somewhat Uncharacteristic"
"33","","","","2","0","14","19","6","2","25","Bachelor’s degree","Male","6","7-Very Familiar","7 (strongly agree)","3","4","6","6","5","4","1 (strongly disagree)","4","4","3","No","4","Extremely Uncharacteristic","Somewhat Characteristic","Extremely Uncharacteristic","Extremely Uncharacteristic","Extremely Characteristic","Extremely Characteristic"
"34","","","","","","","","","","","","","","","","","","","","","","","","","","","","","","","","",""
"35","","","","","","","","","","","","","","","","","","","","","","","","","","","","","","","","",""
"36","","","","","","","","","","","","","","","","","","","","","","","","","","","","","","","","",""
"37"," Neutral","","","0","0","2","0","5","3","21","Some college, but no degree","Male","5","4","7 (strongly agree)","6","5","2","3","2","1 (strongly disagree)","1 (strongly disagree)","2","4","2","No","6","Somewhat Uncharacteristic","Somewhat Characteristic","Somewhat Uncharacteristic","Uncertain","Extremely Characteristic","Somewhat Characteristic"
"38"," ","","","8","2","4","8","8","10","38","Bachelor’s degree","Female","2","2","4","3","1 (strongly disagree)","4","3","1 (strongly disagree)","1 (strongly disagree)","1 (strongly disagree)","2","2","2","No","3","Uncertain","Somewhat Uncharacteristic","Somewhat Uncharacteristic","Somewhat Characteristic","Uncertain","Somewhat Uncharacteristic"
"39"," ","","Full Control","4","0","0","10","3","0","42","Some college, but no degree","Female","5","5","7 (strongly agree)","6","5","7 (strongly agree)","6","4","4","1 (strongly disagree)","4","4","4","No","5","Somewhat Characteristic","Somewhat Characteristic","Extremely Uncharacteristic","Somewhat Uncharacteristic","Somewhat Characteristic","Uncertain"
"40"," Unpleasant","","","19","3","14","18","14","15","39","Associates or technical degree","Female","4","6","6","5","3","7 (strongly agree)","6","2","1 (strongly disagree)","1 (strongly disagree)","2","4","3","No","5","Extremely Characteristic","Extremely Characteristic","Extremely Uncharacteristic","Extremely Uncharacteristic","Extremely Characteristic","Extremely Characteristic"
"41"," Unpleasant","","No Control","5","0","10","12","3","1","28","Bachelor’s degree","Female","4","3","7 (strongly agree)","5","3","3","5","2","3","1 (strongly disagree)","5","4","1 (strongly disagree)","No","6","Somewhat Uncharacteristic","Somewhat Characteristic","Extremely Uncharacteristic","Extremely Uncharacteristic","Extremely Characteristic","Somewhat Uncharacteristic"
"42"," ","","","10","0","6","16","16","6","24","Some college, but no degree","Female","2","3","7 (strongly agree)","6","5","6","5","3","4","4","4","5","2","No","3","Somewhat Characteristic","Somewhat Characteristic","Somewhat Uncharacteristic","Somewhat Uncharacteristic","Somewhat Characteristic","Somewhat Characteristic"
"43"," Unpleasant","","No Control","8","0","0","2","17","2","38","Some college, but no degree","Female","1-Not familiar at all","3","6","2","4","7 (strongly agree)","5","3","1 (strongly disagree)","1 (strongly disagree)","5","4","4","No","7-Very interested","Extremely Characteristic","Extremely Characteristic","Extremely Uncharacteristic","Extremely Uncharacteristic","Extremely Characteristic","Extremely Characteristic"
"44"," ","","","6","0","2","2","4","1","34","Graduate or professional degree (MA, MS, MBA, PhD, JD, MD, DDS etc.)","Male","2","2","5","3","2","3","2","1 (strongly disagree)","2","1 (strongly disagree)","2","2","1 (strongly disagree)","No","7-Very interested","Somewhat Characteristic","Somewhat Characteristic","Somewhat Uncharacteristic","Somewhat Uncharacteristic","Somewhat Uncharacteristic","Somewhat Characteristic"
"45"," ","","Full Control","1","0","1","2","6","0","39","Bachelor’s degree","Male","3","3","3","2","2","1 (strongly disagree)","3","2","3","1 (strongly disagree)","1 (strongly disagree)","1 (strongly disagree)","1 (strongly disagree)","No","3","Extremely Uncharacteristic","Extremely Uncharacteristic","Extremely Characteristic","Extremely Characteristic","Extremely Uncharacteristic","Extremely Uncharacteristic"
"46"," Neutral","","No Control","2","2","7","14","5","9","39","Bachelor’s degree","Female","7-Very Familiar","7-Very Familiar","7 (strongly agree)","1 (strongly disagree)","4","4","4","1 (strongly disagree)","1 (strongly disagree)","1 (strongly disagree)","7 (strongly agree)","7 (strongly agree)","1 (strongly disagree)","No","7-Very interested","Extremely Characteristic","Extremely Characteristic","Extremely Characteristic","Extremely Uncharacteristic","Extremely Characteristic","Extremely Characteristic"
"47"," Unpleasant","","No Control","16","0","0","0","12","6","28","Bachelor’s degree","Male","5","6","7 (strongly agree)","6","6","7 (strongly agree)","5","1 (strongly disagree)","5","3","5","6","6","No","5","Somewhat Characteristic","Somewhat Characteristic","Somewhat Uncharacteristic","Extremely Uncharacteristic","Somewhat Characteristic","Uncertain"
"48"," Unpleasant","","","6","10","16","5","12","16","53","Graduate or professional degree (MA, MS, MBA, PhD, JD, MD, DDS etc.)","Female","4","4","6","3","5","5","5","3","2","2","1 (strongly disagree)","3","2","No","5","Somewhat Characteristic","Somewhat Characteristic","Somewhat Uncharacteristic","Somewhat Uncharacteristic","Somewhat Characteristic","Somewhat Characteristic"
"49"," Neutral","","","16","8","16","14","15","16","65","High school diploma or GED","Male","3","3","4","3","3","4","4","2","3","2","2","4","3","No","5","Somewhat Characteristic","Somewhat Characteristic","Somewhat Uncharacteristic","Somewhat Uncharacteristic","Somewhat Characteristic","Somewhat Characteristic"
"50"," Unpleasant","","No Control","8","2","7","13","12","6","42","Bachelor’s degree","Female","4","4","4","5","4","3","3","4","4","5","4","4","3","No","5","Somewhat Uncharacteristic","Somewhat Characteristic","Somewhat Characteristic","Somewhat Uncharacteristic","Somewhat Characteristic","Somewhat Characteristic"
"51",""," Calm","Full Control","2","0","1","10","10","0","38","Associates or technical degree","Male","2","3","6","4","3","4","5","3","3","2","2","4","3","No","4","Uncertain","Uncertain","Uncertain","Somewhat Uncharacteristic","Uncertain","Uncertain"
"52"," Unpleasant","","","4","0","0","0","10","4","40","Associates or technical degree","Male","5","6","7 (strongly agree)","7 (strongly agree)","6","7 (strongly agree)","7 (strongly agree)","4","4","3","4","4","4","No","5","Extremely Characteristic","Extremely Characteristic","Extremely Uncharacteristic","Extremely Uncharacteristic","Extremely Characteristic","Extremely Characteristic"
"53"," Unpleasant","","","2","0","12","1","4","16","49","Associates or technical degree","Female","1-Not familiar at all","2","5","4","1 (strongly disagree)","2","1 (strongly disagree)","1 (strongly disagree)","1 (strongly disagree)","2","4","4","4","No","6","Uncertain","Somewhat Characteristic","Somewhat Uncharacteristic","Somewhat Uncharacteristic","Somewhat Characteristic","Uncertain"
"54"," Neutral","","","12","2","14","4","14","6","71","Graduate or professional degree (MA, MS, MBA, PhD, JD, MD, DDS etc.)","Male","4","3","5","4","4","5","5","3","2","2","4","4","3","No","4","Somewhat Characteristic","Somewhat Characteristic","Somewhat Uncharacteristic","Extremely Uncharacteristic","Somewhat Characteristic","Somewhat Characteristic"
"55"," ","","","7","0","3","10","3","12","37","High school diploma or GED","Male","2","3","3","2","1 (strongly disagree)","4","2","1 (strongly disagree)","1 (strongly disagree)","1 (strongly disagree)","1 (strongly disagree)","1 (strongly disagree)","1 (strongly disagree)","No","3","Somewhat Uncharacteristic","Uncertain","Uncertain","Somewhat Characteristic","Somewhat Characteristic","Somewhat Characteristic"
"56"," Unpleasant","","","0","0","1","10","2","0","36","High school diploma or GED","Female","2","2","4","3","1 (strongly disagree)","2","2","1 (strongly disagree)","1 (strongly disagree)","1 (strongly disagree)","1 (strongly disagree)","1 (strongly disagree)","2","No","2","Somewhat Characteristic","Somewhat Characteristic","Somewhat Uncharacteristic","Somewhat Uncharacteristic","Somewhat Characteristic","Somewhat Characteristic"
"57"," Unpleasant","","","8","1","14","10","14","5","36","Some college, but no degree","Female","5","5","6","6","6","5","6","5","5","4","5","5","5","No","3","Somewhat Characteristic","Somewhat Characteristic","Somewhat Uncharacteristic","Somewhat Uncharacteristic","Somewhat Characteristic","Somewhat Characteristic"
"58"," Unpleasant","","","16","14","15","15","16","6","37","Graduate or professional degree (MA, MS, MBA, PhD, JD, MD, DDS etc.)","Male","6","6","7 (strongly agree)","6","7 (strongly agree)","7 (strongly agree)","6","6","5","5","6","6","5","No","5","Somewhat Characteristic","Somewhat Characteristic","Somewhat Uncharacteristic","Somewhat Characteristic","Extremely Characteristic","Somewhat Characteristic"
"59"," ","","","20","2","14","12","17","7","52","Bachelor’s degree","Female","5","7-Very Familiar","6","5","4","4","4","1 (strongly disagree)","4","3","1 (strongly disagree)","2","1 (strongly disagree)","Yes","4","Somewhat Uncharacteristic","Somewhat Uncharacteristic","Uncertain","Somewhat Characteristic","Somewhat Uncharacteristic","Somewhat Uncharacteristic"
"60"," Neutral","","","4","0","2","9","9","5","41","Some college, but no degree","Male","2","4","6","6","4","6","6","1 (strongly disagree)","3","2","1 (strongly disagree)","4","4","No","6","Somewhat Uncharacteristic","Somewhat Uncharacteristic","Uncertain","Uncertain","Uncertain","Uncertain"
"61"," Unpleasant","Excited","No Control","18","2","0","0","20","18","54","Some college, but no degree","Female","5","7-Very Familiar","7 (strongly agree)","6","7 (strongly agree)","7 (strongly agree)","6","5","4","3","7 (strongly agree)","7 (strongly agree)","4","No","3","Somewhat Characteristic","Somewhat Characteristic","Somewhat Uncharacteristic","Somewhat Uncharacteristic","Extremely Characteristic","Extremely Characteristic"
"62"," Neutral","","No Control","4","1","12","12","3","3","27","Some college, but no degree","Male","5","5","6","5","1 (strongly disagree)","7 (strongly agree)","5","1 (strongly disagree)","1 (strongly disagree)","1 (strongly disagree)","4","4","4","No","5","Somewhat Characteristic","Somewhat Characteristic","Somewhat Uncharacteristic","Somewhat Uncharacteristic","Extremely Characteristic","Somewhat Characteristic"
"63"," ","","","3","0","1","12","6","0","21","Some college, but no degree","Male","6","6","6","6","6","5","5","4","2","1 (strongly disagree)","4","4","4","No","3","Somewhat Characteristic","Somewhat Characteristic","Somewhat Uncharacteristic","Uncertain","Somewhat Characteristic","Uncertain"
"64"," "," Calm","Full Control","16","0","7","6","5","10","30","Associates or technical degree","Male","5","5","6","6","7 (strongly agree)","7 (strongly agree)","6","5","4","2","4","5","5","No","5","Extremely Characteristic","Extremely Characteristic","Somewhat Uncharacteristic","Somewhat Characteristic","Somewhat Characteristic","Extremely Characteristic"
"65"," Neutral","","","2","0","3","0","7","0","32","Some college, but no degree","Female","4","4","4","4","4","4","4","4","4","4","4","4","4","No","2","Uncertain","Uncertain","Somewhat Uncharacteristic","Uncertain","Uncertain","Uncertain"
"66"," Unpleasant","","No Control","10","0","10","4","8","11","32","Bachelor’s degree","Male","6","7-Very Familiar","7 (strongly agree)","5","6","6","5","5","4","4","4","5","4","No","3","Somewhat Characteristic","Somewhat Characteristic","Extremely Uncharacteristic","Extremely Uncharacteristic","Somewhat Characteristic","Somewhat Characteristic"
"67"," Unpleasant","","","8","0","0","4","20","16","40","Bachelor’s degree","Female","2","1-Not familiar at all","6","4","1 (strongly disagree)","5","5","1 (strongly disagree)","1 (strongly disagree)","1 (strongly disagree)","1 (strongly disagree)","1 (strongly disagree)","1 (strongly disagree)","No","6","Extremely Characteristic","Somewhat Characteristic","Extremely Uncharacteristic","Extremely Uncharacteristic","Extremely Characteristic","Somewhat Uncharacteristic"
"68"," ","","","12","2","14","18","6","11","24","Bachelor’s degree","Female","5","5","5","2","1 (strongly disagree)","1 (strongly disagree)","1 (strongly disagree)","1 (strongly disagree)","1 (strongly disagree)","1 (strongly disagree)","1 (strongly disagree)","1 (strongly disagree)","1 (strongly disagree)","No","3","Somewhat Characteristic","Somewhat Characteristic","Extremely Uncharacteristic","Somewhat Uncharacteristic","Somewhat Characteristic","Somewhat Characteristic"
"69"," Unpleasant","","Full Control","0","0","0","4","5","11","49","Some college, but no degree","Male","6","6","5","5","1 (strongly disagree)","3","3","1 (strongly disagree)","3","1 (strongly disagree)","1 (strongly disagree)","1 (strongly disagree)","1 (strongly disagree)","No","3","Somewhat Uncharacteristic","Somewhat Uncharacteristic","Somewhat Characteristic","Somewhat Characteristic","Somewhat Uncharacteristic","Somewhat Uncharacteristic"
"70"," Neutral","","","0","0","0","15","2","0","24","Some college, but no degree","Male","5","5","5","4","4","4","4","4","4","2","4","4","4","No","5","Extremely Uncharacteristic","Somewhat Uncharacteristic","Somewhat Characteristic","Somewhat Characteristic","Uncertain","Somewhat Uncharacteristic"
"71"," Unpleasant","Excited","No Control","12","0","2","4","18","4","33","Bachelor’s degree","Female","5","7-Very Familiar","7 (strongly agree)","7 (strongly agree)","7 (strongly agree)","7 (strongly agree)","7 (strongly agree)","7 (strongly agree)","3","1 (strongly disagree)","5","4","1 (strongly disagree)","No","7-Very interested","Extremely Uncharacteristic","Extremely Uncharacteristic","Extremely Characteristic","Extremely Characteristic","Extremely Uncharacteristic","Extremely Uncharacteristic"
"72"," Unpleasant","","","4","0","14","10","6","2","43","Bachelor’s degree","Female","5","6","6","3","4","6","5","3","4","2","4","4","3","No","4","Somewhat Uncharacteristic","Somewhat Uncharacteristic","Somewhat Characteristic","Somewhat Characteristic","Uncertain","Somewhat Uncharacteristic"
"73"," Unpleasant","","No Control","14","7","12","12","12","20","20","Some college, but no degree","Male","3","3","4","4","4","4","4","4","7 (strongly agree)","4","4","4","4","No","1-Not interested at all","Extremely Uncharacteristic","Extremely Uncharacteristic","Uncertain","Extremely Uncharacteristic","Uncertain","Extremely Uncharacteristic"
"74"," Unpleasant"," Calm","","18","0","20","14","20","10","28","Bachelor’s degree","Female","7-Very Familiar","7-Very Familiar","7 (strongly agree)","6","6","7 (strongly agree)","7 (strongly agree)","6","3","1 (strongly disagree)","6","6","4","No","7-Very interested","Extremely Uncharacteristic","Extremely Uncharacteristic","Somewhat Uncharacteristic","Extremely Characteristic","Somewhat Characteristic","Extremely Uncharacteristic"
"75"," Unpleasant","","No Control","2","10","18","4","10","12","46","Graduate or professional degree (MA, MS, MBA, PhD, JD, MD, DDS etc.)","Female","2","4","6","4","4","4","3","1 (strongly disagree)","1 (strongly disagree)","1 (strongly disagree)","4","4","4","No","6","Uncertain","Somewhat Characteristic","Uncertain","Somewhat Characteristic","Somewhat Uncharacteristic","Somewhat Characteristic"
"76"," ","","","12","0","6","8","10","9","31","Associates or technical degree","Female","4","4","1 (strongly disagree)","1 (strongly disagree)","1 (strongly disagree)","1 (strongly disagree)","1 (strongly disagree)","1 (strongly disagree)","1 (strongly disagree)","1 (strongly disagree)","1 (strongly disagree)","1 (strongly disagree)","1 (strongly disagree)","No","5","Somewhat Uncharacteristic","Somewhat Uncharacteristic","Somewhat Characteristic","Somewhat Characteristic","Somewhat Uncharacteristic","Somewhat Uncharacteristic"
"77"," Unpleasant","Excited","No Control","10","0","8","10","8","10","27","Bachelor’s degree","Male","3","4","1 (strongly disagree)","1 (strongly disagree)","1 (strongly disagree)","1 (strongly disagree)","1 (strongly disagree)","1 (strongly disagree)","1 (strongly disagree)","1 (strongly disagree)","1 (strongly disagree)","1 (strongly disagree)","1 (strongly disagree)","No","6","Uncertain","Somewhat Characteristic","Somewhat Uncharacteristic","Uncertain","Uncertain","Somewhat Uncharacteristic"
"78"," Unpleasant","Excited","No Control","4","2","4","2","2","0","33","Some college, but no degree","Male","4","5","7 (strongly agree)","6","5","7 (strongly agree)","7 (strongly agree)","5","4","2","5","5","5","No","6","Extremely Characteristic","Extremely Characteristic","Extremely Uncharacteristic","Uncertain","Extremely Characteristic","Extremely Characteristic"
"79"," Unpleasant","","No Control","12","0","10","17","8","14","31","Graduate or professional degree (MA, MS, MBA, PhD, JD, MD, DDS etc.)","Female","2","4","5","5","2","6","4","1 (strongly disagree)","2","1 (strongly disagree)","1 (strongly disagree)","1 (strongly disagree)","1 (strongly disagree)","No","3","Uncertain","Somewhat Uncharacteristic","Somewhat Uncharacteristic","Somewhat Uncharacteristic","Somewhat Characteristic","Somewhat Characteristic"
"80"," Unpleasant"," Calm","","15","0","19","16","16","12","45","High school diploma or GED","Male","5","6","6","5","5","6","6","3","6","1 (strongly disagree)","4","4","4","No","6","Somewhat Uncharacteristic","Uncertain","Uncertain","Uncertain","Somewhat Characteristic","Somewhat Characteristic"
"81"," ","Excited","No Control","1","0","1","13","2","2","26","Associates or technical degree","Male","5","6","6","5","3","5","5","3","4","2","3","3","3","No","6","Somewhat Characteristic","Somewhat Characteristic","Extremely Uncharacteristic","Somewhat Uncharacteristic","Somewhat Characteristic","Somewhat Characteristic"
"82"," ","","","12","4","5","11","11","14","33","Associates or technical degree","Male","3","5","6","5","4","5","5","4","5","2","3","4","2","No","5","Somewhat Uncharacteristic","Somewhat Uncharacteristic","Somewhat Characteristic","Somewhat Characteristic","Somewhat Characteristic","Somewhat Uncharacteristic"
"83"," Neutral","","","10","0","12","10","8","0","30","High school diploma or GED","Female","4","4","4","3","2","2","2","2","1 (strongly disagree)","1 (strongly disagree)","1 (strongly disagree)","1 (strongly disagree)","1 (strongly disagree)","No","2","Extremely Uncharacteristic","Extremely Uncharacteristic","Extremely Characteristic","Extremely Characteristic","Somewhat Uncharacteristic","Extremely Uncharacteristic"
"84"," Unpleasant","","","8","0","6","14","10","4","28","Bachelor’s degree","Female","3","3","6","6","3","2","4","1 (strongly disagree)","1 (strongly disagree)","1 (strongly disagree)","2","2","3","No","2","Extremely Uncharacteristic","Extremely Uncharacteristic","Somewhat Characteristic","Somewhat Characteristic","Uncertain","Somewhat Uncharacteristic"
"85"," Unpleasant","","","0","0","2","9","9","9","21","Some college, but no degree","Female","7-Very Familiar","7-Very Familiar","4","1 (strongly disagree)","4","4","4","1 (strongly disagree)","4","1 (strongly disagree)","4","1 (strongly disagree)","1 (strongly disagree)","No","4","Uncertain","Somewhat Characteristic","Uncertain","Uncertain","Somewhat Characteristic","Uncertain"
"86"," Unpleasant","","","13","1","10","3","12","17","68","Graduate or professional degree (MA, MS, MBA, PhD, JD, MD, DDS etc.)","Female","5","3","5","4","4","4","4","1 (strongly disagree)","3","1 (strongly disagree)","4","4","4","No","5","Somewhat Characteristic","Somewhat Characteristic","Somewhat Uncharacteristic","Somewhat Uncharacteristic","Somewhat Characteristic","Somewhat Characteristic"
"87"," Neutral","","","14","6","10","2","8","16","50","Some college, but no degree","Female","5","5","6","4","4","5","4","3","4","2","4","5","4","Yes","6","Somewhat Uncharacteristic","Somewhat Uncharacteristic","Somewhat Uncharacteristic","Uncertain","Somewhat Uncharacteristic","Uncertain"
"88"," Neutral","","","12","0","0","13","11","0","48","Bachelor’s degree","Female","2","2","2","1 (strongly disagree)","1 (strongly disagree)","1 (strongly disagree)","1 (strongly disagree)","1 (strongly disagree)","1 (strongly disagree)","1 (strongly disagree)","2","2","1 (strongly disagree)","No","4","Somewhat Uncharacteristic","Somewhat Uncharacteristic","Somewhat Characteristic","Somewhat Characteristic","Somewhat Uncharacteristic","Somewhat Uncharacteristic"
"89"," Unpleasant","Excited","","14","6","1","2","20","12","43","Graduate or professional degree (MA, MS, MBA, PhD, JD, MD, DDS etc.)","Male","6","6","6","7 (strongly agree)","6","6","7 (strongly agree)","6","6","7 (strongly agree)","6","6","7 (strongly agree)","Yes","7-Very interested","Extremely Characteristic","Somewhat Characteristic","Extremely Uncharacteristic","Somewhat Uncharacteristic","Extremely Characteristic","Somewhat Characteristic"
"90"," Unpleasant","","","7","2","4","10","10","12","70","Bachelor’s degree","Male","3","3","5","4","4","5","3","2","1 (strongly disagree)","1 (strongly disagree)","1 (strongly disagree)","1 (strongly disagree)","1 (strongly disagree)","No","1-Not interested at all","Somewhat Characteristic","Somewhat Characteristic","Somewhat Uncharacteristic","Uncertain","Somewhat Characteristic","Somewhat Characteristic"
"91"," Unpleasant","","","7","1","4","5","6","2","49","Bachelor’s degree","Female","6","6","6","3","3","4","3","3","2","1 (strongly disagree)","1 (strongly disagree)","1 (strongly disagree)","1 (strongly disagree)","No","2","Extremely Characteristic","Somewhat Characteristic","Somewhat Uncharacteristic","Somewhat Uncharacteristic","Somewhat Characteristic","Somewhat Characteristic"
"92"," Unpleasant","","No Control","12","0","6","6","9","9","18","Some college, but no degree","Non-binary","5","5","5","5","2","3","2","1 (strongly disagree)","1 (strongly disagree)","1 (strongly disagree)","1 (strongly disagree)","3","3","No","4","Uncertain","Somewhat Characteristic","Somewhat Uncharacteristic","Somewhat Uncharacteristic","Somewhat Characteristic","Somewhat Characteristic"
"93"," ","","","7","1","7","16","10","3","33","Bachelor’s degree","Male","6","5","6","5","6","6","5","5","6","3","5","5","4","No","6","Somewhat Characteristic","Uncertain","Somewhat Uncharacteristic","Extremely Uncharacteristic","Somewhat Characteristic","Somewhat Characteristic"
"94"," Neutral"," Calm","","6","0","10","6","10","8","38","Associates or technical degree","Female","3","3","5","4","4","6","4","3","3","1 (strongly disagree)","3","3","2","No","5","Somewhat Characteristic","Somewhat Characteristic","Somewhat Uncharacteristic","Somewhat Uncharacteristic","Extremely Characteristic","Uncertain"
"95"," Unpleasant","","","2","0","12","17","2","13","33","High school diploma or GED","Male","5","7-Very Familiar","7 (strongly agree)","5","5","4","6","5","3","2","3","3","3","No","7-Very interested","Uncertain","Somewhat Characteristic","Somewhat Uncharacteristic","Somewhat Uncharacteristic","Somewhat Characteristic","Somewhat Characteristic"
"96"," ","","","2","0","1","12","5","0","39","Some college, but no degree","Female","3","3","2","2","1 (strongly disagree)","3","1 (strongly disagree)","1 (strongly disagree)","1 (strongly disagree)","1 (strongly disagree)","2","2","2","Yes","1-Not interested at all","Uncertain","Somewhat Uncharacteristic","Somewhat Uncharacteristic","Uncertain","Uncertain","Somewhat Uncharacteristic"
"97"," Neutral","","Full Control","17","15","16","15","17","2","54","Bachelor’s degree","Male","7-Very Familiar","6","7 (strongly agree)","6","6","7 (strongly agree)","7 (strongly agree)","6","5","6","6","5","6","No","7-Very interested","Extremely Characteristic","Somewhat Characteristic","Extremely Uncharacteristic","Uncertain","Extremely Characteristic","Somewhat Characteristic"
"98"," Unpleasant","","","17","0","15","5","6","13","37","Associates or technical degree","Female","1-Not familiar at all","5","6","5","4","4","5","2","1 (strongly disagree)","4","4","5","5","No","4","Somewhat Uncharacteristic","Somewhat Uncharacteristic","Extremely Characteristic","Somewhat Characteristic","Somewhat Uncharacteristic","Uncertain"
"99"," Unpleasant","","No Control","20","20","20","20","20","20","51","High school diploma or GED","Female","3","3","4","4","5","5","4","1 (strongly disagree)","1 (strongly disagree)","1 (strongly disagree)","3","4","1 (strongly disagree)","No","2","Somewhat Uncharacteristic","Extremely Uncharacteristic","Somewhat Uncharacteristic","Somewhat Characteristic","Extremely Uncharacteristic","Somewhat Uncharacteristic"
"100"," Unpleasant","","No Control","12","2","8","16","12","4","27","Graduate or professional degree (MA, MS, MBA, PhD, JD, MD, DDS etc.)","Male","3","5","6","6","3","5","5","2","3","3","3","2","2","No","3","Somewhat Characteristic","Somewhat Characteristic","Somewhat Uncharacteristic","Somewhat Uncharacteristic","Somewhat Characteristic","Somewhat Characteristic"
"101"," ","","","5","0","10","10","8","2","26","Some college, but no degree","Male","5","5","5","5","4","4","4","3","4","1 (strongly disagree)","3","4","1 (strongly disagree)","No","3","Extremely Characteristic","Somewhat Characteristic","Extremely Uncharacteristic","Extremely Uncharacteristic","Extremely Characteristic","Extremely Characteristic"
"102"," Unpleasant","","No Control","16","2","8","10","14","6","40","Some college, but no degree","Male","2","3","6","5","4","6","5","2","5","3","4","4","1 (strongly disagree)","No","2","Uncertain","Uncertain","Somewhat Uncharacteristic","Somewhat Uncharacteristic","Somewhat Characteristic","Somewhat Characteristic"
"103"," "," Calm","","2","0","5","12","5","10","42","Graduate or professional degree (MA, MS, MBA, PhD, JD, MD, DDS etc.)","Female","4","4","5","2","1 (strongly disagree)","1 (strongly disagree)","1 (strongly disagree)","1 (strongly disagree)","1 (strongly disagree)","1 (strongly disagree)","1 (strongly disagree)","1 (strongly disagree)","1 (strongly disagree)","No","4","Uncertain","Uncertain","Uncertain","Uncertain","Extremely Characteristic","Somewhat Characteristic"
"104"," Unpleasant","Excited","No Control","16","0","18","20","20","3","32","High school diploma or GED","Male","6","7-Very Familiar","7 (strongly agree)","5","5","6","6","6","2","1 (strongly disagree)","3","3","3","No","6","Somewhat Uncharacteristic","Uncertain","Extremely Uncharacteristic","Uncertain","Somewhat Characteristic","Somewhat Characteristic"
"105"," ","","No Control","12","0","12","8","12","13","26","Bachelor’s degree","Prefer not to disclose","4","3","5","3","3","3","4","2","1 (strongly disagree)","1 (strongly disagree)","4","4","3","No","5","Somewhat Characteristic","Somewhat Characteristic","Somewhat Uncharacteristic","Somewhat Uncharacteristic","Somewhat Characteristic","Somewhat Characteristic"
"106"," Neutral","","","10","10","10","10","10","10","44","Graduate or professional degree (MA, MS, MBA, PhD, JD, MD, DDS etc.)","Female","4","4","4","4","4","4","4","4","4","4","4","4","4","No","4","Uncertain","Uncertain","Uncertain","Uncertain","Uncertain","Uncertain"
"107"," Unpleasant","","No Control","16","0","10","15","15","10","33","Some college, but no degree","Male","5","7-Very Familiar","6","6","5","7 (strongly agree)","7 (strongly agree)","3","5","3","4","4","2","No","3","Somewhat Characteristic","Somewhat Characteristic","Somewhat Uncharacteristic","Somewhat Uncharacteristic","Somewhat Characteristic","Uncertain"
"108"," "," Calm","","16","0","10","10","16","12","66","High school diploma or GED","Female","5","5","4","4","4","3","3","4","2","2","2","2","2","No","5","Somewhat Characteristic","Somewhat Characteristic","Somewhat Uncharacteristic","Somewhat Characteristic","Somewhat Uncharacteristic","Uncertain"
"109"," Neutral","","","12","3","11","15","16","4","38","Some college, but no degree","Male","6","6","4","4","4","4","4","2","4","4","4","3","3","No","4","Uncertain","Uncertain","Uncertain","Uncertain","Uncertain","Uncertain"
"110"," Unpleasant","","No Control","0","0","12","6","2","0","24","Some college, but no degree","Prefer to self-describe","2","3","3","4","2","2","3","1 (strongly disagree)","1 (strongly disagree)","1 (strongly disagree)","1 (strongly disagree)","2","1 (strongly disagree)","Yes","2","Somewhat Uncharacteristic","Somewhat Uncharacteristic","Somewhat Characteristic","Somewhat Characteristic","Extremely Characteristic","Somewhat Uncharacteristic"
"111"," Neutral","","","14","1","7","15","16","5","37","Some college, but no degree","Female","6","7-Very Familiar","7 (strongly agree)","5","7 (strongly agree)","7 (strongly agree)","7 (strongly agree)","6","7 (strongly agree)","5","5","5","4","No","7-Very interested","Somewhat Uncharacteristic","Uncertain","Somewhat Uncharacteristic","Somewhat Uncharacteristic","Somewhat Uncharacteristic","Somewhat Uncharacteristic"
"112"," ","","","3","1","0","0","20","3","46","Associates or technical degree","Male","3","3","7 (strongly agree)","7 (strongly agree)","5","6","7 (strongly agree)","5","2","1 (strongly disagree)","5","5","4","No","2","Somewhat Characteristic","Somewhat Characteristic","Extremely Uncharacteristic","Somewhat Uncharacteristic","Somewhat Characteristic","Somewhat Characteristic"
"113"," Unpleasant","","No Control","14","5","12","8","10","12","31","Bachelor’s degree","Female","4","4","6","4","4","5","5","2","3","3","4","4","2","No","4","Somewhat Characteristic","Somewhat Uncharacteristic","Uncertain","Uncertain","Uncertain","Uncertain"
"114"," Unpleasant","","","12","12","18","10","14","12","45","Bachelor’s degree","Female","6","6","6","4","4","6","5","1 (strongly disagree)","4","1 (strongly disagree)","4","4","4","No","2","Extremely Characteristic","Somewhat Characteristic","Extremely Uncharacteristic","Somewhat Uncharacteristic","Somewhat Characteristic","Extremely Characteristic"
"115"," ","","","14","0","6","6","18","6","38","Bachelor’s degree","Male","2","2","3","2","1 (strongly disagree)","2","1 (strongly disagree)","1 (strongly disagree)","1 (strongly disagree)","1 (strongly disagree)","1 (strongly disagree)","1 (strongly disagree)","1 (strongly disagree)","No","2","Somewhat Characteristic","Somewhat Characteristic","Extremely Uncharacteristic","Somewhat Uncharacteristic","Extremely Characteristic","Somewhat Characteristic"
"116"," ","","","5","2","9","12","9","3","22","Associates or technical degree","Male","5","4","4","4","5","5","4","2","3","4","4","4","5","No","4","Somewhat Characteristic","Uncertain","Somewhat Characteristic","Somewhat Uncharacteristic","Uncertain","Somewhat Characteristic"
"117"," Unpleasant","","No Control","6","0","4","6","10","5","45","Associates or technical degree","Female","2","4","1 (strongly disagree)","1 (strongly disagree)","1 (strongly disagree)","1 (strongly disagree)","1 (strongly disagree)","1 (strongly disagree)","1 (strongly disagree)","1 (strongly disagree)","1 (strongly disagree)","1 (strongly disagree)","1 (strongly disagree)","No","1-Not interested at all","Extremely Uncharacteristic","Extremely Uncharacteristic","Extremely Characteristic","Extremely Characteristic","Extremely Uncharacteristic","Extremely Uncharacteristic"
"118"," Unpleasant","","","16","0","0","4","14","4","50","Some college, but no degree","Female","4","4","6","4","4","5","4","1 (strongly disagree)","4","1 (strongly disagree)","1 (strongly disagree)","5","5","No","4","Extremely Uncharacteristic","Extremely Uncharacteristic","Somewhat Uncharacteristic","Somewhat Characteristic","Somewhat Uncharacteristic","Extremely Uncharacteristic"
"119"," Neutral","","","5","0","3","10","6","2","28","Some college, but no degree","Female","5","5","4","4","1 (strongly disagree)","2","1 (strongly disagree)","1 (strongly disagree)","1 (strongly disagree)","1 (strongly disagree)","1 (strongly disagree)","1 (strongly disagree)","1 (strongly disagree)","No","5","Somewhat Characteristic","Somewhat Characteristic","Somewhat Uncharacteristic","Somewhat Uncharacteristic","Somewhat Characteristic","Somewhat Characteristic"
"120"," ","","","4","0","3","13","13","2","32","Some college, but no degree","Male","3","4","7 (strongly agree)","4","3","6","7 (strongly agree)","5","4","2","4","5","2","No","6","Somewhat Characteristic","Somewhat Characteristic","Somewhat Uncharacteristic","Somewhat Uncharacteristic","Somewhat Characteristic","Somewhat Characteristic"
"121"," Unpleasant","Excited","","10","2","9","12","11","4","55","Bachelor’s degree","Female","5","5","5","4","3","3","3","3","3","2","2","2","2","No","5","Somewhat Characteristic","Somewhat Characteristic","Somewhat Uncharacteristic","Somewhat Characteristic","Somewhat Characteristic","Somewhat Characteristic"
"122"," Unpleasant","","","4","0","0","11","6","0","34","Bachelor’s degree","Female","1-Not familiar at all","4","5","5","5","5","5","1 (strongly disagree)","4","1 (strongly disagree)","3","3","2","No","1-Not interested at all","Extremely Characteristic","Extremely Characteristic","Extremely Uncharacteristic","Somewhat Uncharacteristic","Extremely Characteristic","Extremely Characteristic"
"123"," Unpleasant","","","16","1","10","12","13","4","23","Bachelor’s degree","Female","5","5","6","5","4","4","4","3","2","3","4","4","4","No","4","Somewhat Characteristic","Somewhat Uncharacteristic","Somewhat Characteristic","Somewhat Characteristic","Uncertain","Somewhat Uncharacteristic"
"124"," Unpleasant","","","6","2","4","2","2","10","53","Some college, but no degree","Female","2","2","5","1 (strongly disagree)","2","5","1 (strongly disagree)","1 (strongly disagree)","1 (strongly disagree)","1 (strongly disagree)","2","2","2","No","3","Somewhat Uncharacteristic","Somewhat Uncharacteristic","Somewhat Characteristic","Somewhat Uncharacteristic","Somewhat Uncharacteristic","Somewhat Uncharacteristic"
"125"," Unpleasant","","","5","1","7","11","16","1","46","Bachelor’s degree","Male","5","6","5","3","2","5","4","3","1 (strongly disagree)","1 (strongly disagree)","2","2","2","No","6","Somewhat Characteristic","Somewhat Characteristic","Extremely Uncharacteristic","Uncertain","Somewhat Characteristic","Uncertain"
"126"," Unpleasant","","","10","0","13","3","6","0","37","Graduate or professional degree (MA, MS, MBA, PhD, JD, MD, DDS etc.)","Male","2","3","5","4","3","5","4","1 (strongly disagree)","2","3","4","4","4","No","3","Somewhat Characteristic","Somewhat Characteristic","Somewhat Uncharacteristic","Uncertain","Uncertain","Uncertain"
"127"," Unpleasant","","No Control","8","2","13","15","6","6","27","Graduate or professional degree (MA, MS, MBA, PhD, JD, MD, DDS etc.)","Female","4","3","4","3","2","4","3","2","2","1 (strongly disagree)","3","3","3","No","4","Somewhat Uncharacteristic","Somewhat Uncharacteristic","Somewhat Characteristic","Uncertain","Somewhat Uncharacteristic","Somewhat Uncharacteristic"
"128"," "," Calm","No Control","6","1","4","18","6","12","30","Some college, but no degree","Male","6","5","6","4","4","5","5","2","4","2","4","4","4","No","2","Somewhat Characteristic","Somewhat Characteristic","Uncertain","Somewhat Uncharacteristic","Somewhat Characteristic","Somewhat Characteristic"
"129"," Neutral","","","14","0","0","16","13","14","43","Some college, but no degree","Female","6","7-Very Familiar","2","2","1 (strongly disagree)","1 (strongly disagree)","1 (strongly disagree)","1 (strongly disagree)","1 (strongly disagree)","1 (strongly disagree)","1 (strongly disagree)","1 (strongly disagree)","1 (strongly disagree)","No","3","Somewhat Characteristic","Uncertain","Somewhat Uncharacteristic","Uncertain","Somewhat Characteristic","Somewhat Characteristic"
"130"," Neutral","","","14","12","12","14","14","12","50","Bachelor’s degree","Male","3","3","6","6","4","5","4","3","5","3","3","4","4","No","7-Very interested","Somewhat Uncharacteristic","Somewhat Characteristic","Somewhat Characteristic","Somewhat Characteristic","Somewhat Characteristic","Somewhat Uncharacteristic"
"131"," Unpleasant","Excited","No Control","18","0","2","12","18","13","43","High school diploma or GED","Male","3","4","6","4","4","5","4","2","3","2","4","4","3","No","1-Not interested at all","Somewhat Uncharacteristic","Extremely Uncharacteristic","Somewhat Characteristic","Extremely Characteristic","Extremely Uncharacteristic","Extremely Uncharacteristic"
"132"," Unpleasant","","No Control","18","2","10","3","14","3","44","Bachelor’s degree","Female","6","6","7 (strongly agree)","4","6","6","6","5","4","2","4","4","4","No","7-Very interested","Somewhat Characteristic","Somewhat Characteristic","Extremely Uncharacteristic","Extremely Uncharacteristic","Extremely Characteristic","Somewhat Characteristic"
"133"," Neutral","","","10","1","5","5","12","12","42","Some college, but no degree","Male","5","4","7 (strongly agree)","6","4","5","4","3","3","6","4","5","1 (strongly disagree)","Yes","4","Somewhat Uncharacteristic","Extremely Characteristic","Extremely Uncharacteristic","Somewhat Uncharacteristic","Somewhat Characteristic","Extremely Characteristic"
"134"," Unpleasant","Excited","Full Control","4","4","4","4","10","4","35","Bachelor’s degree","Female","7-Very Familiar","7-Very Familiar","5","4","4","5","5","5","2","1 (strongly disagree)","1 (strongly disagree)","1 (strongly disagree)","1 (strongly disagree)","No","3","Uncertain","Extremely Uncharacteristic","Extremely Uncharacteristic","Extremely Uncharacteristic","Extremely Characteristic","Extremely Characteristic"
"135"," Unpleasant","Excited","No Control","3","0","2","0","5","2","53","Some college, but no degree","Male","7-Very Familiar","4","7 (strongly agree)","7 (strongly agree)","7 (strongly agree)","7 (strongly agree)","7 (strongly agree)","6","1 (strongly disagree)","1 (strongly disagree)","1 (strongly disagree)","4","4","No","4","Extremely Uncharacteristic","Extremely Uncharacteristic","Extremely Characteristic","Extremely Characteristic","Extremely Characteristic","Uncertain"
"136"," Unpleasant","Excited","No Control","12","4","0","1","20","16","71","Some college, but no degree","Female","6","6","6","7 (strongly agree)","6","7 (strongly agree)","6","6","7 (strongly agree)","7 (strongly agree)","7 (strongly agree)","7 (strongly agree)","6","No","7-Very interested","Uncertain","Extremely Characteristic","Uncertain","Somewhat Characteristic","Extremely Characteristic","Uncertain"
"137"," Neutral","","","3","0","0","0","3","0","55","Bachelor’s degree","Female","6","6","5","5","1 (strongly disagree)","1 (strongly disagree)","1 (strongly disagree)","1 (strongly disagree)","1 (strongly disagree)","1 (strongly disagree)","1 (strongly disagree)","1 (strongly disagree)","1 (strongly disagree)","No","5","Somewhat Characteristic","Somewhat Characteristic","Extremely Uncharacteristic","Extremely Uncharacteristic","Somewhat Characteristic","Somewhat Characteristic"
"138"," Unpleasant","Excited","","14","4","8","8","12","10","60","Bachelor’s degree","Male","6","6","6","7 (strongly agree)","7 (strongly agree)","7 (strongly agree)","7 (strongly agree)","7 (strongly agree)","3","5","7 (strongly agree)","7 (strongly agree)","7 (strongly agree)","No","4","Somewhat Characteristic","Somewhat Characteristic","Extremely Uncharacteristic","Extremely Uncharacteristic","Extremely Characteristic","Extremely Characteristic"
"139"," Neutral"," Calm","","11","4","8","19","12","0","27","High school diploma or GED","Male","5","5","5","5","3","6","6","4","3","3","4","4","4","No","2","Somewhat Characteristic","Somewhat Characteristic","Somewhat Uncharacteristic","Somewhat Uncharacteristic","Somewhat Characteristic","Somewhat Characteristic"
"140"," ","","","2","2","3","3","16","20","24","High school diploma or GED","Male","5","7-Very Familiar","5","5","5","5","5","5","5","5","1 (strongly disagree)","1 (strongly disagree)","1 (strongly disagree)","No","5","Extremely Characteristic","Somewhat Characteristic","Extremely Uncharacteristic","Extremely Uncharacteristic","Somewhat Characteristic","Somewhat Characteristic"
"141"," Neutral","","","12","1","5","14","10","0","22","High school diploma or GED","Male","4","2","6","3","3","5","2","2","3","1 (strongly disagree)","4","4","4","No","4","Somewhat Uncharacteristic","Somewhat Uncharacteristic","Somewhat Characteristic","Uncertain","Somewhat Characteristic","Somewhat Uncharacteristic"
"142"," Neutral","","Full Control","0","0","0","7","14","0","33","Some college, but no degree","Female","7-Very Familiar","7-Very Familiar","7 (strongly agree)","6","4","7 (strongly agree)","6","3","4","3","2","4","2","No","1-Not interested at all","Extremely Uncharacteristic","Extremely Uncharacteristic","Extremely Uncharacteristic","Uncertain","Uncertain","Extremely Uncharacteristic"
"143"," Unpleasant","","No Control","10","1","2","8","12","7","37","Some college, but no degree","Male","5","5","7 (strongly agree)","6","4","7 (strongly agree)","6","3","4","1 (strongly disagree)","4","4","4","No","3","Somewhat Uncharacteristic","Extremely Uncharacteristic","Extremely Characteristic","Extremely Characteristic","Somewhat Uncharacteristic","Somewhat Uncharacteristic"
"144",""," Calm","Full Control","2","0","0","20","2","4","46","Bachelor’s degree","Male","5","5","6","4","5","6","5","4","6","2","4","4","1 (strongly disagree)","No","3","Somewhat Characteristic","Somewhat Characteristic","Somewhat Uncharacteristic","Somewhat Uncharacteristic","Somewhat Characteristic","Somewhat Characteristic"
"145"," ","","No Control","3","5","12","7","10","10","29","Graduate or professional degree (MA, MS, MBA, PhD, JD, MD, DDS etc.)","Female","5","5","6","5","5","4","5","3","1 (strongly disagree)","1 (strongly disagree)","2","2","2","No","5","Somewhat Characteristic","Somewhat Characteristic","Somewhat Uncharacteristic","Uncertain","Somewhat Characteristic","Uncertain"
"146"," Unpleasant","","","14","8","18","10","18","18","54","Associates or technical degree","Female","2","3","2","1 (strongly disagree)","1 (strongly disagree)","1 (strongly disagree)","1 (strongly disagree)","1 (strongly disagree)","1 (strongly disagree)","1 (strongly disagree)","1 (strongly disagree)","1 (strongly disagree)","1 (strongly disagree)","No","2","Uncertain","Uncertain","Somewhat Uncharacteristic","Uncertain","Somewhat Characteristic","Uncertain"
"147"," Unpleasant"," Calm","No Control","6","0","7","5","11","2","60","High school diploma or GED","Male","2","2","6","4","4","5","4","1 (strongly disagree)","1 (strongly disagree)","1 (strongly disagree)","1 (strongly disagree)","1 (strongly disagree)","1 (strongly disagree)","No","4","Somewhat Characteristic","Somewhat Characteristic","Somewhat Uncharacteristic","Somewhat Uncharacteristic","Extremely Characteristic","Uncertain"
"148"," Neutral","","","5","0","1","18","19","4","22","Associates or technical degree","Female","3","2","1 (strongly disagree)","1 (strongly disagree)","1 (strongly disagree)","1 (strongly disagree)","1 (strongly disagree)","1 (strongly disagree)","1 (strongly disagree)","1 (strongly disagree)","1 (strongly disagree)","1 (strongly disagree)","1 (strongly disagree)","No","5","Extremely Characteristic","Extremely Characteristic","Extremely Uncharacteristic","Extremely Uncharacteristic","Somewhat Characteristic","Extremely Characteristic"
"149"," Unpleasant","","","12","3","10","14","12","10","32","Bachelor’s degree","Female","6","7-Very Familiar","3","4","4","5","4","1 (strongly disagree)","3","2","1 (strongly disagree)","1 (strongly disagree)","1 (strongly disagree)","No","1-Not interested at all","Uncertain","Uncertain","Extremely Uncharacteristic","Uncertain","Somewhat Uncharacteristic","Uncertain"
"150"," "," Calm","","11","5","9","15","4","6","44","Bachelor’s degree","Male","5","3","4","3","2","3","2","2","1 (strongly disagree)","1 (strongly disagree)","2","3","1 (strongly disagree)","No","3","Somewhat Characteristic","Somewhat Characteristic","Extremely Uncharacteristic","Extremely Uncharacteristic","Extremely Characteristic","Extremely Characteristic"
"151"," ","","","9","0","9","14","9","6","37","Graduate or professional degree (MA, MS, MBA, PhD, JD, MD, DDS etc.)","Male","5","5","7 (strongly agree)","6","6","7 (strongly agree)","5","5","3","1 (strongly disagree)","4","4","4","No","4","Uncertain","Uncertain","Uncertain","Uncertain","Uncertain","Uncertain"
"152"," ","","Full Control","14","4","6","2","13","1","62","Some college, but no degree","Female","6","6","5","1 (strongly disagree)","4","1 (strongly disagree)","4","3","2","2","4","4","2","No","6","Somewhat Uncharacteristic","Uncertain","Somewhat Characteristic","Uncertain","Somewhat Uncharacteristic","Uncertain"
"153"," Unpleasant","","No Control","18","2","13","8","20","10","41","Bachelor’s degree","Female","5","6","6","7 (strongly agree)","3","2","3","1 (strongly disagree)","1 (strongly disagree)","1 (strongly disagree)","3","2","1 (strongly disagree)","No","6","Somewhat Uncharacteristic","Uncertain","Somewhat Uncharacteristic","Somewhat Characteristic","Somewhat Characteristic","Somewhat Characteristic"
"154"," ","","","16","17","15","16","17","3","34","Graduate or professional degree (MA, MS, MBA, PhD, JD, MD, DDS etc.)","Male","3","4","4","5","4","4","4","5","3","4","5","5","5","No","5","Uncertain","Somewhat Characteristic","Uncertain","Somewhat Characteristic","Somewhat Characteristic","Somewhat Characteristic"
"155"," Unpleasant","","","16","1","12","14","12","12","39","Bachelor’s degree","Female","6","6","6","3","4","3","4","2","1 (strongly disagree)","1 (strongly disagree)","2","4","5","No","5","Extremely Uncharacteristic","Somewhat Uncharacteristic","Extremely Characteristic","Somewhat Characteristic","Uncertain","Somewhat Uncharacteristic"
"156"," "," Calm","Full Control","5","0","0","2","8","0","32","Graduate or professional degree (MA, MS, MBA, PhD, JD, MD, DDS etc.)","Female","4","4","5","5","3","4","3","1 (strongly disagree)","1 (strongly disagree)","1 (strongly disagree)","1 (strongly disagree)","4","4","No","6","Somewhat Uncharacteristic","Uncertain","Somewhat Characteristic","Somewhat Characteristic","Extremely Uncharacteristic","Extremely Uncharacteristic"
"157"," Unpleasant","","","10","2","5","0","4","8","24","Some college, but no degree","Female","3","4","4","2","2","4","2","1 (strongly disagree)","7 (strongly agree)","1 (strongly disagree)","2","2","2","No","5","Somewhat Uncharacteristic","Uncertain","Somewhat Uncharacteristic","Uncertain","Somewhat Characteristic","Somewhat Uncharacteristic"
"158","","","","","","","","","","","","","","","","","","","","","","","","","","","","","","","","",""
"159","","","","","","","","","","","","","","","","","","","","","","","","","","","","","","","","",""
"160"," Unpleasant"," Calm","No Control","7","7","7","7","7","7","99","Prefer not to say","Prefer not to disclose","1-Not familiar at all","1-Not familiar at all","1 (strongly disagree)","1 (strongly disagree)","1 (strongly disagree)","1 (strongly disagree)","1 (strongly disagree)","1 (strongly disagree)","1 (strongly disagree)","1 (strongly disagree)","1 (strongly disagree)","1 (strongly disagree)","1 (strongly disagree)","Yes","1-Not interested at all","Extremely Uncharacteristic","Extremely Uncharacteristic","Extremely Uncharacteristic","Extremely Uncharacteristic","Extremely Uncharacteristic","Extremely Uncharacteristic"
"161"," ","","","6","0","6","7","7","5","30","Associates or technical degree","Male","4","5","5","5","5","5","4","4","2","3","3","3","3","No","5","Uncertain","Somewhat Characteristic","Somewhat Uncharacteristic","Uncertain","Somewhat Characteristic","Somewhat Characteristic"
"162"," Unpleasant"," Calm","","20","0","20","8","18","12","31","Associates or technical degree","Female","3","3","6","6","2","6","4","2","1 (strongly disagree)","1 (strongly disagree)","4","4","2","No","6","Somewhat Characteristic","Somewhat Characteristic","Extremely Uncharacteristic","Extremely Uncharacteristic","Somewhat Characteristic","Somewhat Characteristic"
"163"," "," Calm","","0","0","0","16","4","0","28","Some college, but no degree","Non-binary","5","5","5","3","3","4","4","2","2","2","2","2","2","No","3","Somewhat Characteristic","Somewhat Characteristic","Somewhat Uncharacteristic","Somewhat Uncharacteristic","Somewhat Characteristic","Somewhat Characteristic"
"164"," Unpleasant","","","14","0","2","12","10","10","50","Some college, but no degree","Male","6","6","6","6","4","6","5","4","3","1 (strongly disagree)","4","4","2","No","1-Not interested at all","Uncertain","Somewhat Characteristic","Somewhat Uncharacteristic","Uncertain","Somewhat Characteristic","Uncertain"
"165"," Neutral","","","10","3","10","16","12","8","32","Graduate or professional degree (MA, MS, MBA, PhD, JD, MD, DDS etc.)","Female","4","3","5","4","3","4","4","1 (strongly disagree)","1 (strongly disagree)","1 (strongly disagree)","1 (strongly disagree)","2","1 (strongly disagree)","No","4","Somewhat Uncharacteristic","Extremely Uncharacteristic","Somewhat Characteristic","Somewhat Characteristic","Uncertain","Uncertain"
"166"," Neutral","","","13","0","11","14","12","13","42","Bachelor’s degree","Female","6","6","6","6","5","6","5","4","3","3","3","3","3","No","5","Uncertain","Somewhat Characteristic","Somewhat Uncharacteristic","Somewhat Uncharacteristic","Somewhat Characteristic","Somewhat Characteristic"
"167"," Unpleasant","","No Control","0","0","0","14","16","0","42","High school diploma or GED","Female","5","5","6","6","6","6","6","6","6","6","6","6","6","No","5","Somewhat Characteristic","Somewhat Characteristic","Extremely Characteristic","Extremely Characteristic","Somewhat Uncharacteristic","Somewhat Characteristic"
"168"," "," Calm","No Control","9","0","1","10","10","0","28","Bachelor’s degree","Female","1-Not familiar at all","3","6","5","3","6","5","3","5","4","4","4","4","No","2","Uncertain","Somewhat Uncharacteristic","Somewhat Characteristic","Somewhat Characteristic","Uncertain","Somewhat Uncharacteristic"
"169"," Unpleasant","","Full Control","10","14","18","9","13","18","41","High school diploma or GED","Female","7-Very Familiar","7-Very Familiar","7 (strongly agree)","6","7 (strongly agree)","7 (strongly agree)","6","4","3","3","6","4","4","No","5","Extremely Characteristic","Somewhat Characteristic","Somewhat Uncharacteristic","Somewhat Uncharacteristic","Somewhat Characteristic","Extremely Characteristic"
"170"," Unpleasant","","","5","0","0","0","2","0","40","Bachelor’s degree","Female","5","5","7 (strongly agree)","6","5","6","5","5","1 (strongly disagree)","1 (strongly disagree)","6","6","4","No","4","Somewhat Characteristic","Somewhat Characteristic","Somewhat Uncharacteristic","Somewhat Uncharacteristic","Somewhat Characteristic","Uncertain"
"171"," Unpleasant","","","3","0","1","5","4","0","28","Some college, but no degree","Male","2","2","4","3","1 (strongly disagree)","6","4","1 (strongly disagree)","3","2","1 (strongly disagree)","1 (strongly disagree)","1 (strongly disagree)","No","5","Somewhat Characteristic","Somewhat Characteristic","Somewhat Uncharacteristic","Somewhat Uncharacteristic","Somewhat Characteristic","Somewhat Characteristic"
"172"," Unpleasant","","","4","0","0","12","18","0","24","Bachelor’s degree","Female","3","3","5","5","6","3","5","4","2","2","4","5","5","No","7-Very interested","Somewhat Characteristic","Extremely Characteristic","Extremely Uncharacteristic","Somewhat Uncharacteristic","Extremely Characteristic","Somewhat Characteristic"
"173"," Unpleasant","","","2","2","4","10","4","2","36","Some high school or less","Female","3","3","4","3","3","4","4","2","4","4","4","4","1 (strongly disagree)","No","3","Uncertain","Somewhat Uncharacteristic","Somewhat Characteristic","Uncertain","Uncertain","Somewhat Uncharacteristic"
"174"," Unpleasant","","No Control","11","0","11","7","12","15","30","Some college, but no degree","Male","5","6","5","3","3","2","4","3","1 (strongly disagree)","1 (strongly disagree)","1 (strongly disagree)","4","1 (strongly disagree)","No","5","Somewhat Characteristic","Somewhat Characteristic","Somewhat Uncharacteristic","Somewhat Uncharacteristic","Somewhat Characteristic","Somewhat Characteristic"
"175"," ","","","16","0","5","7","6","15","38","Graduate or professional degree (MA, MS, MBA, PhD, JD, MD, DDS etc.)","Female","4","3","4","3","4","3","3","3","4","1 (strongly disagree)","3","3","1 (strongly disagree)","No","3","Somewhat Characteristic","Uncertain","Somewhat Uncharacteristic","Somewhat Uncharacteristic","Somewhat Uncharacteristic","Somewhat Uncharacteristic"
"176"," Unpleasant","","No Control","20","9","9","2","16","20","55","Some college, but no degree","Female","1-Not familiar at all","1-Not familiar at all","5","3","3","3","4","2","1 (strongly disagree)","1 (strongly disagree)","2","2","2","No","1-Not interested at all","Extremely Uncharacteristic","Uncertain","Somewhat Uncharacteristic","Uncertain","Somewhat Uncharacteristic","Uncertain"
"177"," Unpleasant","","No Control","4","0","4","4","10","0","34","Bachelor’s degree","Female","5","5","3","1 (strongly disagree)","1 (strongly disagree)","5","1 (strongly disagree)","1 (strongly disagree)","1 (strongly disagree)","1 (strongly disagree)","1 (strongly disagree)","1 (strongly disagree)","1 (strongly disagree)","No","2","Extremely Characteristic","Extremely Characteristic","Somewhat Uncharacteristic","Extremely Uncharacteristic","Extremely Characteristic","Extremely Characteristic"
"178"," Neutral","","","14","0","14","18","18","10","41","Associates or technical degree","Female","6","6","5","4","3","5","4","2","2","1 (strongly disagree)","4","4","4","No","5","Extremely Characteristic","Somewhat Characteristic","Extremely Uncharacteristic","Somewhat Uncharacteristic","Extremely Characteristic","Somewhat Characteristic"
"179"," Unpleasant","","No Control","12","0","10","6","8","10","36","High school diploma or GED","Male","3","3","5","5","5","5","4","3","2","3","4","4","4","No","7-Very interested","Extremely Characteristic","Extremely Characteristic","Extremely Uncharacteristic","Extremely Uncharacteristic","Extremely Characteristic","Extremely Characteristic"
"180"," ","","","9","1","2","14","19","1","41","High school diploma or GED","Female","5","5","5","4","4","5","5","3","3","3","3","3","3","No","5","Somewhat Uncharacteristic","Somewhat Characteristic","Somewhat Uncharacteristic","Somewhat Characteristic","Somewhat Characteristic","Somewhat Characteristic"
"181"," Unpleasant"," Calm","","10","2","0","10","12","2","28","Associates or technical degree","Male","5","5","5","4","5","5","4","4","5","5","5","2","4","No","3","Uncertain","Somewhat Characteristic","Somewhat Characteristic","Somewhat Characteristic","Somewhat Characteristic","Somewhat Characteristic"
"182"," ","","","5","0","9","6","10","14","32","High school diploma or GED","Male","3","4","5","4","2","2","3","1 (strongly disagree)","2","4","3","3","3","No","2","Uncertain","Uncertain","Extremely Uncharacteristic","Extremely Uncharacteristic","Uncertain","Somewhat Uncharacteristic"
"183"," Unpleasant","","Full Control","5","20","20","2","16","10","35","Bachelor’s degree","Female","5","5","7 (strongly agree)","7 (strongly agree)","7 (strongly agree)","7 (strongly agree)","7 (strongly agree)","7 (strongly agree)","7 (strongly agree)","7 (strongly agree)","7 (strongly agree)","7 (strongly agree)","7 (strongly agree)","No","6","Extremely Characteristic","Extremely Characteristic","Extremely Uncharacteristic","Extremely Uncharacteristic","Extremely Characteristic","Extremely Characteristic"
"184"," Unpleasant"," Calm","","14","1","6","14","10","4","22","Associates or technical degree","Male","3","4","7 (strongly agree)","5","3","7 (strongly agree)","5","2","3","3","5","5","2","No","4","Somewhat Uncharacteristic","Somewhat Uncharacteristic","Extremely Characteristic","Extremely Characteristic","Somewhat Characteristic","Somewhat Uncharacteristic"
"185"," Unpleasant","Excited","Full Control","3","0","2","10","7","0","27","Some high school or less","Female","2","2","4","2","1 (strongly disagree)","3","3","1 (strongly disagree)","1 (strongly disagree)","1 (strongly disagree)","1 (strongly disagree)","1 (strongly disagree)","1 (strongly disagree)","No","3","Somewhat Characteristic","Somewhat Characteristic","Somewhat Uncharacteristic","Uncertain","Somewhat Characteristic","Uncertain"
"186"," Neutral","","","6","1","6","14","5","0","33","High school diploma or GED","Male","7-Very Familiar","7-Very Familiar","7 (strongly agree)","5","6","7 (strongly agree)","6","6","5","2","7 (strongly agree)","4","4","No","7-Very interested","Extremely Characteristic","Extremely Characteristic","Extremely Uncharacteristic","Extremely Uncharacteristic","Extremely Characteristic","Extremely Characteristic"
"187"," ","","","16","1","4","12","17","16","22","Some college, but no degree","Female","2","2","3","1 (strongly disagree)","1 (strongly disagree)","6","1 (strongly disagree)","1 (strongly disagree)","1 (strongly disagree)","1 (strongly disagree)","1 (strongly disagree)","1 (strongly disagree)","1 (strongly disagree)","No","6","Somewhat Characteristic","Somewhat Characteristic","Somewhat Uncharacteristic","Uncertain","Somewhat Characteristic","Somewhat Characteristic"
"188"," "," Calm","","15","0","10","2","18","1","29","Bachelor’s degree","Female","3","3","4","3","2","2","3","3","1 (strongly disagree)","1 (strongly disagree)","4","4","1 (strongly disagree)","No","5","Somewhat Characteristic","Somewhat Characteristic","Somewhat Uncharacteristic","Somewhat Uncharacteristic","Somewhat Characteristic","Somewhat Characteristic"
"189"," Unpleasant","","","4","0","11","14","10","2","38","High school diploma or GED","Female","1-Not familiar at all","2","7 (strongly agree)","6","4","7 (strongly agree)","6","4","4","2","4","4","4","No","5","Somewhat Uncharacteristic","Extremely Uncharacteristic","Extremely Characteristic","Somewhat Characteristic","Somewhat Uncharacteristic","Extremely Uncharacteristic"
"190"," Neutral","","","4","2","6","3","2","2","41","Associates or technical degree","Female","3","4","5","4","4","5","5","2","1 (strongly disagree)","1 (strongly disagree)","4","4","4","No","6","Somewhat Uncharacteristic","Somewhat Uncharacteristic","Somewhat Characteristic","Uncertain","Somewhat Characteristic","Somewhat Uncharacteristic"
"191"," ","","","2","1","4","15","7","0","39","Some college, but no degree","Male","5","3","3","2","1 (strongly disagree)","2","2","1 (strongly disagree)","1 (strongly disagree)","1 (strongly disagree)","1 (strongly disagree)","2","1 (strongly disagree)","No","3","Somewhat Uncharacteristic","Somewhat Uncharacteristic","Uncertain","Somewhat Characteristic","Somewhat Uncharacteristic","Uncertain"
"192"," Unpleasant","Excited","","20","12","20","14","20","14","67","Some college, but no degree","Male","2","4","2","1 (strongly disagree)","1 (strongly disagree)","1 (strongly disagree)","1 (strongly disagree)","1 (strongly disagree)","1 (strongly disagree)","1 (strongly disagree)","1 (strongly disagree)","1 (strongly disagree)","1 (strongly disagree)","Yes","7-Very interested","Uncertain","Extremely Characteristic","Extremely Uncharacteristic","Extremely Uncharacteristic","Extremely Characteristic","Extremely Characteristic"
"193"," Unpleasant","","","12","0","11","16","12","12","24","Graduate or professional degree (MA, MS, MBA, PhD, JD, MD, DDS etc.)","Female","4","5","2","1 (strongly disagree)","1 (strongly disagree)","5","2","1 (strongly disagree)","1 (strongly disagree)","1 (strongly disagree)","1 (strongly disagree)","1 (strongly disagree)","1 (strongly disagree)","No","4","Uncertain","Somewhat Uncharacteristic","Somewhat Characteristic","Somewhat Characteristic","Somewhat Uncharacteristic","Extremely Uncharacteristic"
"194"," ","","","12","3","14","10","14","3","52","Bachelor’s degree","Female","3","5","4","3","2","4","3","1 (strongly disagree)","1 (strongly disagree)","1 (strongly disagree)","2","2","1 (strongly disagree)","No","6","Somewhat Characteristic","Somewhat Characteristic","Somewhat Uncharacteristic","Somewhat Uncharacteristic","Uncertain","Somewhat Characteristic"
"195"," Neutral"," Calm","","14","0","2","2","20","4","30","High school diploma or GED","Male","7-Very Familiar","7-Very Familiar","7 (strongly agree)","6","5","6","7 (strongly agree)","6","5","5","6","6","2","No","7-Very interested","Somewhat Characteristic","Somewhat Characteristic","Somewhat Uncharacteristic","Somewhat Uncharacteristic","Extremely Characteristic","Extremely Characteristic"
"196"," ","","","5","0","11","10","7","6","22","Bachelor’s degree","Female","5","6","6","6","6","6","5","3","5","4","5","6","6","No","6","Somewhat Characteristic","Somewhat Characteristic","Extremely Uncharacteristic","Somewhat Characteristic","Somewhat Characteristic","Somewhat Characteristic"
"197","","","","18","4","16","12","20","5","35","Some college, but no degree","Male","5","6","6","6","6","6","6","5","5","3","4","5","2","No","2","Somewhat Characteristic","Somewhat Characteristic","Somewhat Characteristic","Somewhat Uncharacteristic","Somewhat Characteristic","Somewhat Characteristic"
"198"," ","Excited","Full Control","14","12","14","4","14","20","53","Graduate or professional degree (MA, MS, MBA, PhD, JD, MD, DDS etc.)","Male","4","4","4","2","2","4","4","1 (strongly disagree)","1 (strongly disagree)","1 (strongly disagree)","1 (strongly disagree)","1 (strongly disagree)","1 (strongly disagree)","Yes","5","Extremely Characteristic","Extremely Characteristic","Extremely Uncharacteristic","Extremely Uncharacteristic","Extremely Characteristic","Extremely Characteristic"
"199"," Unpleasant","","No Control","15","0","6","15","15","2","37","Bachelor’s degree","Female","7-Very Familiar","7-Very Familiar","6","4","6","6","4","4","4","2","4","4","4","No","3","Extremely Uncharacteristic","Extremely Uncharacteristic","Extremely Characteristic","Extremely Characteristic","Extremely Uncharacteristic","Extremely Uncharacteristic"
"200"," Unpleasant","","No Control","0","1","13","13","12","3","28","High school diploma or GED","Male","7-Very Familiar","7-Very Familiar","7 (strongly agree)","1 (strongly disagree)","7 (strongly agree)","7 (strongly agree)","7 (strongly agree)","4","3","3","3","4","3","Yes","7-Very interested","Extremely Uncharacteristic","Extremely Uncharacteristic","Extremely Characteristic","Uncertain","Extremely Characteristic","Uncertain"
"201"," ","","","4","2","10","10","10","0","58","Graduate or professional degree (MA, MS, MBA, PhD, JD, MD, DDS etc.)","Female","3","4","7 (strongly agree)","4","4","5","5","4","2","1 (strongly disagree)","4","4","1 (strongly disagree)","Yes","4","Extremely Characteristic","Somewhat Characteristic","Extremely Uncharacteristic","Extremely Uncharacteristic","Somewhat Characteristic","Somewhat Characteristic"
"202"," Neutral"," Calm","","4","1","13","12","7","1","41","Associates or technical degree","Female","3","4","3","2","1 (strongly disagree)","3","3","1 (strongly disagree)","1 (strongly disagree)","1 (strongly disagree)","1 (strongly disagree)","1 (strongly disagree)","1 (strongly disagree)","No","4","Somewhat Characteristic","Somewhat Characteristic","Extremely Uncharacteristic","Somewhat Uncharacteristic","Somewhat Uncharacteristic","Somewhat Characteristic"
"203"," Unpleasant","","No Control","15","2","4","4","13","0","42","Associates or technical degree","Male","7-Very Familiar","7-Very Familiar","7 (strongly agree)","5","6","7 (strongly agree)","7 (strongly agree)","4","5","1 (strongly disagree)","3","4","1 (strongly disagree)","No","7-Very interested","Extremely Characteristic","Extremely Characteristic","Extremely Uncharacteristic","Extremely Uncharacteristic","Extremely Characteristic","Somewhat Characteristic"
"204"," Unpleasant"," Calm","No Control","14","0","2","2","10","0","30","Graduate or professional degree (MA, MS, MBA, PhD, JD, MD, DDS etc.)","Male","5","5","6","2","4","6","6","2","2","1 (strongly disagree)","4","4","4","No","2","Uncertain","Uncertain","Somewhat Uncharacteristic","Somewhat Uncharacteristic","Extremely Characteristic","Uncertain"
"205"," ","","","15","4","9","7","8","12","58","Some college, but no degree","Female","3","4","5","3","4","4","4","1 (strongly disagree)","4","3","5","5","4","No","7-Very interested","Somewhat Characteristic","Extremely Characteristic","Somewhat Characteristic","Somewhat Characteristic","Somewhat Characteristic","Extremely Characteristic"
"206"," "," Calm","","4","0","5","0","4","11","32","Bachelor’s degree","Male","6","6","5","5","2","4","6","1 (strongly disagree)","4","3","2","2","2","No","4","Uncertain","Extremely Characteristic","Somewhat Uncharacteristic","Somewhat Uncharacteristic","Somewhat Characteristic","Extremely Characteristic"
"207"," Unpleasant","","","6","0","2","12","4","6","37","Graduate or professional degree (MA, MS, MBA, PhD, JD, MD, DDS etc.)","Female","5","5","5","4","4","4","5","2","2","1 (strongly disagree)","1 (strongly disagree)","2","2","No","4","Uncertain","Somewhat Characteristic","Somewhat Uncharacteristic","Somewhat Uncharacteristic","Somewhat Characteristic","Somewhat Characteristic"
"208"," ","","No Control","10","4","10","10","10","0","34","High school diploma or GED","Male","2","2","4","3","1 (strongly disagree)","4","4","1 (strongly disagree)","2","1 (strongly disagree)","3","3","3","No","2","Somewhat Characteristic","Somewhat Uncharacteristic","Somewhat Uncharacteristic","Extremely Uncharacteristic","Somewhat Characteristic","Uncertain"
"209"," ","","","5","0","1","10","6","4","28","Bachelor’s degree","Female","3","5","5","4","4","4","4","4","3","4","4","4","3","No","3","Somewhat Characteristic","Somewhat Characteristic","Somewhat Uncharacteristic","Somewhat Uncharacteristic","Somewhat Characteristic","Uncertain"
"210"," ","","","6","0","0","10","4","4","52","Bachelor’s degree","Female","4","5","6","5","5","5","5","5","4","4","5","5","4","No","4","Somewhat Uncharacteristic","Somewhat Uncharacteristic","Uncertain","Uncertain","Uncertain","Uncertain"
"211"," Unpleasant"," Calm","","1","1","2","10","12","7","26","Some college, but no degree","Male","5","7-Very Familiar","6","4","4","7 (strongly agree)","4","2","3","2","3","2","2","No","6","Somewhat Characteristic","Somewhat Characteristic","Extremely Uncharacteristic","Uncertain","Somewhat Characteristic","Uncertain"
"212"," Unpleasant"," Calm","No Control","0","0","10","3","14","12","38","Some college, but no degree","Female","2","1-Not familiar at all","1 (strongly disagree)","1 (strongly disagree)","1 (strongly disagree)","1 (strongly disagree)","1 (strongly disagree)","1 (strongly disagree)","1 (strongly disagree)","1 (strongly disagree)","1 (strongly disagree)","1 (strongly disagree)","1 (strongly disagree)","No","1-Not interested at all","Extremely Uncharacteristic","Extremely Uncharacteristic","Extremely Characteristic","Somewhat Characteristic","Extremely Uncharacteristic","Extremely Uncharacteristic"
"213"," Unpleasant","","","5","0","3","0","4","1","20","Associates or technical degree","Female","6","7-Very Familiar","7 (strongly agree)","4","4","5","5","5","3","2","3","6","2","No","7-Very interested","Somewhat Characteristic","Somewhat Characteristic","Extremely Uncharacteristic","Somewhat Uncharacteristic","Extremely Characteristic","Somewhat Characteristic"
"214"," "," Calm","","0","0","4","3","4","0","19","Some college, but no degree","Female","5","5","5","3","3","4","4","2","3","2","4","5","4","No","4","Somewhat Characteristic","Somewhat Characteristic","Extremely Uncharacteristic","Somewhat Uncharacteristic","Somewhat Characteristic","Somewhat Uncharacteristic"
"215"," Unpleasant","","No Control","0","0","8","4","4","0","30","Some high school or less","Female","5","4","7 (strongly agree)","4","1 (strongly disagree)","5","5","3","4","1 (strongly disagree)","6","7 (strongly agree)","2","No","7-Very interested","Extremely Uncharacteristic","Extremely Uncharacteristic","Somewhat Characteristic","Extremely Characteristic","Extremely Uncharacteristic","Extremely Uncharacteristic"
"216"," Unpleasant","","","16","1","11","13","10","15","36","High school diploma or GED","Female","6","6","7 (strongly agree)","4","5","3","6","5","4","2","3","3","4","No","7-Very interested","Extremely Characteristic","Extremely Characteristic","Somewhat Uncharacteristic","Extremely Uncharacteristic","Extremely Characteristic","Uncertain"
"217"," Unpleasant","","No Control","13","0","12","11","12","13","27","Bachelor’s degree","Female","2","3","6","5","5","6","6","4","3","3","3","4","4","No","5","Somewhat Uncharacteristic","Somewhat Uncharacteristic","Somewhat Characteristic","Somewhat Characteristic","Uncertain","Somewhat Uncharacteristic"
"218",""," Calm","","10","0","5","14","10","0","38","Some college, but no degree","Female","4","4","4","4","1 (strongly disagree)","4","4","2","1 (strongly disagree)","1 (strongly disagree)","1 (strongly disagree)","1 (strongly disagree)","1 (strongly disagree)","No","5","Uncertain","Somewhat Uncharacteristic","Uncertain","Somewhat Characteristic","Uncertain","Uncertain"
"219"," ","","Full Control","3","0","2","1","20","0","38","High school diploma or GED","Male","5","5","7 (strongly agree)","4","5","7 (strongly agree)","7 (strongly agree)","2","6","1 (strongly disagree)","4","4","1 (strongly disagree)","No","7-Very interested","Somewhat Characteristic","Extremely Characteristic","Somewhat Characteristic","Somewhat Uncharacteristic","Somewhat Characteristic","Extremely Characteristic"
"220"," Unpleasant","","No Control","17","4","4","5","5","20","39","Graduate or professional degree (MA, MS, MBA, PhD, JD, MD, DDS etc.)","Male","2","2","1 (strongly disagree)","1 (strongly disagree)","1 (strongly disagree)","3","1 (strongly disagree)","2","2","2","1 (strongly disagree)","1 (strongly disagree)","1 (strongly disagree)","No","1-Not interested at all","Somewhat Uncharacteristic","Somewhat Uncharacteristic","Somewhat Characteristic","Somewhat Uncharacteristic","Somewhat Characteristic","Somewhat Uncharacteristic"
"221"," ","","","1","1","2","3","2","0","23","Bachelor’s degree","Female","2","4","5","4","1 (strongly disagree)","4","3","2","3","2","4","4","4","No","2","Somewhat Uncharacteristic","Extremely Uncharacteristic","Somewhat Characteristic","Somewhat Characteristic","Extremely Uncharacteristic","Somewhat Uncharacteristic"
"222"," ","","","8","0","7","7","8","10","43","Some college, but no degree","Female","4","4","5","3","4","5","4","4","3","3","3","3","2","No","5","Somewhat Uncharacteristic","Somewhat Uncharacteristic","Somewhat Characteristic","Somewhat Characteristic","Somewhat Uncharacteristic","Somewhat Uncharacteristic"
"223"," Unpleasant","Excited","No Control","18","1","1","0","18","0","41","Bachelor’s degree","Female","6","7-Very Familiar","7 (strongly agree)","7 (strongly agree)","5","6","7 (strongly agree)","2","4","3","3","5","2","No","5","Somewhat Characteristic","Uncertain","Extremely Uncharacteristic","Uncertain","Somewhat Characteristic","Uncertain"
"224"," Unpleasant","Excited","","12","0","14","10","14","20","23","Some high school or less","Male","7-Very Familiar","7-Very Familiar","7 (strongly agree)","4","6","7 (strongly agree)","5","4","1 (strongly disagree)","1 (strongly disagree)","4","7 (strongly agree)","3","No","7-Very interested","Extremely Characteristic","Extremely Characteristic","Extremely Uncharacteristic","Extremely Uncharacteristic","Extremely Characteristic","Extremely Characteristic"
"225"," Neutral"," Calm","","10","8","10","16","10","10","50","Bachelor’s degree","Female","4","4","6","5","6","7 (strongly agree)","6","4","5","3","5","4","4","No","3","Extremely Uncharacteristic","Somewhat Uncharacteristic","Extremely Characteristic","Somewhat Characteristic","Extremely Characteristic","Uncertain"
"226"," Unpleasant","","","15","2","3","17","18","10","57","Some college, but no degree","Female","5","6","7 (strongly agree)","4","5","4","5","4","1 (strongly disagree)","1 (strongly disagree)","1 (strongly disagree)","4","4","No","4","Somewhat Characteristic","Somewhat Characteristic","Extremely Uncharacteristic","Extremely Uncharacteristic","Somewhat Characteristic","Somewhat Characteristic"
"227"," ","","","12","3","6","16","18","7","69","Associates or technical degree","Male","3","4","4","4","2","6","4","2","3","4","4","4","4","No","2","Uncertain","Uncertain","Somewhat Uncharacteristic","Uncertain","Uncertain","Uncertain"
"228"," Unpleasant","","No Control","17","4","13","11","19","14","51","Some college, but no degree","Female","6","6","6","6","6","6","4","5","2","2","5","4","3","No","5","Somewhat Characteristic","Somewhat Characteristic","Somewhat Uncharacteristic","Somewhat Characteristic","Extremely Characteristic","Extremely Characteristic"
"229"," Unpleasant","","","11","7","9","13","13","8","36","Graduate or professional degree (MA, MS, MBA, PhD, JD, MD, DDS etc.)","Female","4","5","4","5","6","1 (strongly disagree)","2","4","3","2","3","4","1 (strongly disagree)","No","3","Somewhat Characteristic","Extremely Characteristic","Extremely Uncharacteristic","Extremely Uncharacteristic","Somewhat Characteristic","Somewhat Characteristic"
"230"," Unpleasant","","","10","1","8","1","17","6","21","Some college, but no degree","Female","6","6","4","3","4","1 (strongly disagree)","1 (strongly disagree)","3","1 (strongly disagree)","1 (strongly disagree)","3","5","4","No","3","Uncertain","Somewhat Uncharacteristic","Uncertain","Somewhat Characteristic","Somewhat Characteristic","Extremely Characteristic"
"231"," Unpleasant","","","0","0","0","10","6","0","46","Some college, but no degree","Male","5","4","4","2","2","3","2","1 (strongly disagree)","1 (strongly disagree)","1 (strongly disagree)","1 (strongly disagree)","2","2","No","7-Very interested","Uncertain","Somewhat Uncharacteristic","Somewhat Uncharacteristic","Somewhat Uncharacteristic","Somewhat Characteristic","Somewhat Characteristic"
"232"," Unpleasant","","No Control","18","3","12","18","16","6","35","Associates or technical degree","Male","6","6","6","5","5","7 (strongly agree)","7 (strongly agree)","5","2","1 (strongly disagree)","4","4","4","No","5","Somewhat Characteristic","Somewhat Characteristic","Somewhat Uncharacteristic","Somewhat Uncharacteristic","Somewhat Characteristic","Somewhat Characteristic"
"233"," Unpleasant","","","7","2","9","10","12","7","41","Bachelor’s degree","Male","6","6","7 (strongly agree)","6","5","5","6","3","4","1 (strongly disagree)","5","5","4","No","6","Somewhat Characteristic","Somewhat Characteristic","Uncertain","Somewhat Uncharacteristic","Extremely Characteristic","Somewhat Characteristic"
"234"," Unpleasant","","","2","0","0","6","15","4","28","High school diploma or GED","Male","4","6","7 (strongly agree)","7 (strongly agree)","7 (strongly agree)","7 (strongly agree)","7 (strongly agree)","7 (strongly agree)","3","3","2","2","2","No","3","Extremely Characteristic","Somewhat Characteristic","Extremely Uncharacteristic","Extremely Uncharacteristic","Extremely Characteristic","Somewhat Characteristic"
"235"," ","","Full Control","14","10","12","0","16","2","64","Graduate or professional degree (MA, MS, MBA, PhD, JD, MD, DDS etc.)","Female","7-Very Familiar","7-Very Familiar","7 (strongly agree)","6","7 (strongly agree)","7 (strongly agree)","7 (strongly agree)","5","4","4","4","4","4","No","6","Extremely Characteristic","Extremely Characteristic","Extremely Uncharacteristic","Extremely Uncharacteristic","Extremely Characteristic","Extremely Characteristic"
"236"," Unpleasant","","No Control","15","0","6","1","15","10","23","Bachelor’s degree","Female","4","5","5","3","2","5","4","1 (strongly disagree)","2","1 (strongly disagree)","2","2","2","No","4","Somewhat Uncharacteristic","Somewhat Characteristic","Somewhat Characteristic","Uncertain","Somewhat Characteristic","Somewhat Characteristic"
"237"," Unpleasant","Excited","No Control","17","0","6","14","13","12","35","High school diploma or GED","Female","3","2","5","4","2","5","4","3","1 (strongly disagree)","1 (strongly disagree)","1 (strongly disagree)","4","3","No","1-Not interested at all","Extremely Uncharacteristic","Extremely Uncharacteristic","Uncertain","Somewhat Characteristic","Somewhat Uncharacteristic","Extremely Uncharacteristic"
"238"," Unpleasant"," Calm","No Control","10","4","4","12","16","4","28","Bachelor’s degree","Male","6","6","5","4","4","4","2","2","2","2","2","2","2","No","4","Somewhat Characteristic","Somewhat Characteristic","Somewhat Uncharacteristic","Somewhat Uncharacteristic","Somewhat Characteristic","Somewhat Characteristic"
"239"," Unpleasant","","","4","0","6","20","0","20","65","Bachelor’s degree","Male","4","6","7 (strongly agree)","5","7 (strongly agree)","7 (strongly agree)","5","4","3","4","4","5","5","No","5","Somewhat Uncharacteristic","Somewhat Uncharacteristic","Somewhat Uncharacteristic","Somewhat Characteristic","Uncertain","Uncertain"
"240"," Unpleasant","","","12","2","10","15","16","6","37","Bachelor’s degree","Female","4","4","3","3","2","1 (strongly disagree)","1 (strongly disagree)","1 (strongly disagree)","1 (strongly disagree)","1 (strongly disagree)","1 (strongly disagree)","1 (strongly disagree)","1 (strongly disagree)","No","7-Very interested","Extremely Characteristic","Extremely Characteristic","Extremely Uncharacteristic","Extremely Uncharacteristic","Somewhat Characteristic","Uncertain"
"241"," ","","","7","1","1","0","7","0","48","Associates or technical degree","Female","5","5","5","5","2","6","5","1 (strongly disagree)","1 (strongly disagree)","1 (strongly disagree)","2","4","2","No","5","Extremely Characteristic","Somewhat Characteristic","Extremely Uncharacteristic","Extremely Uncharacteristic","Somewhat Characteristic","Somewhat Characteristic"
"242"," Unpleasant","","Full Control","14","12","12","14","12","0","33","Bachelor’s degree","Female","4","4","6","4","4","5","5","4","6","3","5","4","5","No","5","Extremely Characteristic","Extremely Characteristic","Somewhat Uncharacteristic","Somewhat Characteristic","Extremely Characteristic","Somewhat Characteristic"
"243"," ","","","6","0","12","10","10","12","38","Associates or technical degree","Male","5","5","6","6","6","6","6","3","3","1 (strongly disagree)","2","4","4","No","6","Somewhat Characteristic","Somewhat Characteristic","Somewhat Uncharacteristic","Extremely Uncharacteristic","Extremely Characteristic","Somewhat Characteristic"
"244","","","","","","","","","","","","","","","","","","","","","","","","","","","","","","","","",""
"245","","","","","","","","","","","","","","","","","","","","","","","","","","","","","","","","",""
"246"," ","","Full Control","","","","","","","","","","","","","","","","","","","","","","","","","","","","","",""
"247"," ","","","","","","","","","","","","","","","","","","","","","","","","","","","","","","","",""
"248"," Unpleasant","Excited","","","","","","","","","","","","","","","","","","","","","","","","","","","","","","",""
"249","","","","","","","","","","","","","","","","","","","","","","","","","","","","","","","","",""
"250","","","","","","","","","","","","","","","","","","","","","","","","","","","","","","","","",""
"251"," Unpleasant","","No Control","","","","","","","","","","","","","","","","","","","","","","","","","","","","","",""
"252","","","","","","","","","","","","","","","","","","","","","","","","","","","","","","","","",""
"253"," Unpleasant","","","","","","","","","","","","","","","","","","","","","","","","","","","","","","","",""
"254"," Unpleasant","","No Control","","","","","","","","","","","","","","","","","","","","","","","","","","","","","",""
"255"," ","","Full Control","","","","","","","","","","","","","","","","","","","","","","","","","","","","","",""
"256"," Unpleasant","","","7","2","16","0","17","20","","","","","","","","","","","","","","","","","","","","","","","",""
"257"," ","","","","","","","","","","","","","","","","","","","","","","","","","","","","","","","",""
"258"," "," Calm","","","","","","","","","","","","","","","","","","","","","","","","","","","","","","",""
"259"," Unpleasant"," Calm","","","","","","","","","","","","","","","","","","","","","","","","","","","","","","",""
"260"," ","","No Control","","","","","","","","","","","","","","","","","","","","","","","","","","","","","",""
"261"," "," Calm","","","","","","","","","","","","","","","","","","","","","","","","","","","","","","",""
"262"," Unpleasant"," Calm","","","","","","","","","","","","","","","","","","","","","","","","","","","","","","",""
"263"," ","","","","","","","","","","","","","","","","","","","","","","","","","","","","","","","",""
"264",""," Calm","","","","","","","","","","","","","","","","","","","","","","","","","","","","","","",""
"265"," Unpleasant","","No Control","","","","","","","","","","","","","","","","","","","","","","","","","","","","","",""
"266"," Unpleasant","","No Control","","","","","","","","","","","","","","","","","","","","","","","","","","","","","",""
"267"," Unpleasant","","","","","","","","","","","","","","","","","","","","","","","","","","","","","","","",""
"268"," Unpleasant"," Calm","No Control","","","","","","","","","","","","","","","","","","","","","","","","","","","","","",""
"269","","","","","","","","","","","","","","","","","","","","","","","","","","","","","","","","",""
"270"," Unpleasant","","","","","","","","","","","","","","","","","","","","","","","","","","","","","","","",""
"271","","","","","","","","","","","","","","","","","","","","","","","","","","","","","","","","",""
"272","","","","","","","","","","","","","","","","","","","","","","","","","","","","","","","","",""
"273"," Unpleasant","","No Control","","","","","","","","","","","","","","","","","","","","","","","","","","","","","",""
"274"," ","","Full Control","","","","","","","","","","","","","","","","","","","","","","","","","","","","","",""
"275"," Unpleasant"," Calm","","","","","","","","","","","","","","","","","","","","","","","","","","","","","","",""
"276"," Unpleasant","","","","","","","","","","","","","","","","","","","","","","","","","","","","","","","",""
"277"," Neutral","","","","","","","","","","","","","","","","","","","","","","","","","","","","","","","",""
"278","","","","","","","","","","","","","","","","","","","","","","","","","","","","","","","","",""
"279"," "," Calm","","","","","","","","","","","","","","","","","","","","","","","","","","","","","","",""
"280"," Unpleasant","","","","","","","","","","","","","","","","","","","","","","","","","","","","","","","",""
